gene	amplitude	phase	mean	r2
ABALON	-0.1535622293664553	0.7417855703207772	6.52563892978146	0.6911277030169509
ABLIM2	0.21395252844745272	-1.670535220039225	1.2669024117405359	0.4812759192297279
ACAD10	0.17656253359047627	1.1364898012522842	2.485436828920196	0.5469675888509
ACAD8	-0.19447230078237662	0.5903963543456322	3.460664975044519	0.49359945759313195
ACOT4	0.16260044169751212	1.9047658996818724	2.5350193222792745	0.40843448057072973
ACOX2	-0.2298240234750398	0.6939718922028334	0.598928643016582	0.35735627784278445
ACRV1	-0.24935437067399732	0.006699364552211363	0.27589901415642576	0.4975064209261608
ACTA1	0.1780491240705858	0.9224384278921197	0.3550195701828496	0.36292372257161876
ADAM12	0.193427153546167	-0.20920976316321196	1.9816122338903217	0.5159227699182894
ADAM1A	0.2400470331884477	0.6327052331492486	1.0945206458725047	0.371762421753712
ADAM20P1	0.20835040472474065	1.919361964232768	0.37107995288478307	0.5279985683578522
ADAMTS9	0.20450637932939658	-1.6024294533052625	0.71649665436389	0.724868388085995
ADGRB3	0.21310561375190545	-0.6734169868348163	0.5525595163562786	0.44436821284850136
ADGRF2	0.28403193597716525	0.9317639347948324	0.668985510204489	0.4305176350516601
ADGRL3-AS1	-0.17542833956121162	1.0471975427473095	0.08771416745229994	0.39999908090386493
ADIRF,AGAP11	0.3162307831451569	-0.03426962159879411	3.169484668796622	0.357575573698625
AFF3	0.19003772125650856	0.7782252792257079	1.5285022985853514	0.47344705104141427
AGAP2	-0.1529488460725877	0.3070502356272673	2.9292490610252	0.4099546375357155
AKR1C3	-0.16815174241737196	-0.7064000613803332	3.4887732324770573	0.35384267146126935
AKR7A2P1	0.30480693393175495	-0.2223543804090115	0.6660607608710711	0.4410902430647641
AKR7A3	-0.18624561346896593	0.6309077156618085	0.16643441859595035	0.3916096536981638
ALDH1A3	-0.18722048899695448	-1.0394036842699632	0.5640997793365702	0.5191341101955871
ALDH1L1	0.20682815393840043	1.5665529341135873	1.8762356907463231	0.43349686039322555
ALG1	0.16109535372488673	1.3294997297669582	2.6073096391495976	0.3915243054080171
ALG10	0.20802852513662884	0.8809401954189161	2.023311166054558	0.5186345740191811
ALMS1P1	-0.19909880163205712	0.3615852937525824	0.8072003749206926	0.47422193117515943
ALOX12P2	0.19370882180864668	1.133147281579099	0.23427919193252297	0.4658376388150193
ANGEL2	0.16146896290186294	0.07304558576109238	2.8192015992295576	0.4989837056856412
ANGPTL4	-0.275707031861415	0.5456751127367263	0.9595510838240606	0.5082632978050314
ANKRD1	-0.23901730351984452	0.27655569385082573	6.870166608154926	0.38637544921392086
ANKRD24	-0.16904420218104937	0.01406900170974434	0.9294879732603764	0.555759830803019
ANKRD44	0.18323778199994373	1.6885588249056047	1.8675502153603736	0.4498315783910958
ANKRD61	-0.25017199598981016	-0.7623358541287832	2.120238918514786	0.47910851527963016
ANLN	0.18780399695638952	0.26629151334949347	6.013916882850185	0.4834672094990524
ANO2	0.27905504025482664	-0.4248974664749262	2.0549067630332027	0.6178864819271158
ANTXR2	0.18944524202450888	-1.4718043193973818	3.5343812435477617	0.37454400941688615
ANXA3	0.3072675879965985	-0.40963040978703413	3.0240232420231252	0.42202943462440323
APBA3	-0.17889575542965538	0.33393978886295117	2.9414492749154197	0.44000604804481025
APOA1	-0.1538926966406979	0.8124018123041508	0.08517030842622707	0.42246296816654605
APOBEC3F	0.16642541758029022	1.1168993311834592	3.1762898970651734	0.4815590365933208
APOM	0.15915510639609348	0.7863837969846104	1.3554532882035664	0.5294488923540134
ARF4-AS1	0.5021912551730515	0.6095363612802517	2.143894695692964	0.4827067570804401
ARHGAP25	0.219828546990562	-1.778805674261357	1.379319861916356	0.413463691312994
ARHGEF16	-0.2163362200303407	0.10620130104087448	1.0830525496303907	0.36866863107124015
ARL4A	0.15989454725459296	-1.026509135617777	3.6123078162839426	0.4961994620138458
ARL9	0.32097199190476117	0.7567227070733927	0.3462477215211599	0.7007724765696439
ARMC7	0.2078300090263348	-0.057162844454072284	3.9766443518982464	0.44939363115854425
ARNTL	-0.3966836592358891	-0.19207021683651948	3.0569539999442967	0.8481152210949008
ARRDC1	-0.16565941158396374	0.21341888533730674	4.533640642820722	0.594723973480382
ARV1	0.3024643227531256	-0.017499304843528588	2.9031055648636674	0.700159103627972
ASAH2B	0.43715228611998885	-1.8218083287922215	1.31692037939167	0.36072778121721416
ASB14	0.19965218180349875	-0.16503291697866243	1.6916939188326712	0.5002741303162749
ASB16-AS1	0.18196987436627693	-0.3654004194179352	3.458947574835757	0.37139371682046185
ASB9	-0.2288317346116806	-0.17808093995200797	0.4181100171853925	0.4021971117885311
ASPM	0.25200534429798016	0.28074373868081676	3.249397551736803	0.5770110202851796
ASPRV1,PCBP1-AS1	-0.19754838388325	-0.8758957451149368	1.3643250319726836	0.6173262234804698
ATAD3B	0.17621952421318388	0.4834246360079178	3.0846364462240583	0.6259616922102202
ATF5,MIR4751	2.208428764102197	0.7101183917561628	5.840409011790291	0.544201735856831
ATOH7	-0.15740895839810753	-0.6178484088997693	0.14304233261033475	0.5066851200056743
ATP2A3	-0.15686002250775818	-0.22476652184465756	1.7388384555106269	0.40289765014075574
ATP5I	-0.19402606489813434	0.6143377755115182	8.32748551079659	0.40016134739451537
ATP6V0E2-AS1	0.15833957418594596	1.9637854823820164	0.39326931159570766	0.6157571765154608
AURKA	0.16585707012317188	0.23256406424253998	4.905449049551591	0.3916376042206223
AVPI1	0.20532882880917286	-0.145178659079141	3.29805497048792	0.4072953210102255
B3GAT2	0.19011250724891005	1.644330097255555	0.9145074476156532	0.36096462337758695
B3GNT9	-0.19418164859102957	-0.2693034155705626	2.078926782584493	0.6190994378370338
B4GALT4-AS1	0.2929341341805041	-1.8870562571211624	1.204678039606233	0.37943485917770814
BACE1-AS	-0.27686117065535926	0.7448988321838499	1.2306068149745708	0.4125786051903514
BAIAP3	-0.17401307743505845	-0.5856825414227996	2.2131188803205446	0.38353805835660615
BANK1	-0.19101782571516449	-0.462467438155845	0.5865262678079174	0.5988645400468595
BBS10	0.15126176219896798	1.6177717327622916	2.8114186346002663	0.44987611461199273
BCL2A1	0.35412635246400254	-1.2462651440659587	0.8134928205372384	0.41416709630702164
BCL2L1	-0.20277019017469153	0.7458712495323391	6.66241164154935	0.8960569777200541
BEAN1-AS1	-0.2878073021320041	0.7286750352810739	0.2654798021516639	0.39378679154584795
BIRC5	0.16071712023944862	0.49474050731286157	6.102049321684255	0.3722762562387216
BMP6	0.18099250635661354	0.569792204452667	1.5687268805319299	0.3640348699004353
BMPR1B	0.1607906530008518	1.5285686051460892	2.3043479349083316	0.563243731451943
BNIPL	0.30791581309687927	0.4621060164386022	1.167248401788213	0.4492930679714472
BORA	0.26157265472176133	-0.5936076562433028	2.15547823709	0.35191615609906957
BRWD1-IT2	0.22988515314607033	-0.3005426482092689	0.2324878012354464	0.3644877067840362
BUB1	0.20952628542313123	0.21196930308858486	5.097966681391593	0.48969880203744476
C11orf74	0.16479088113984877	-1.4789667253860506	4.71203812680861	0.5165869739391664
C11orf86	-0.32307894621120176	0.9940675897575295	0.9235877191944605	0.4045719480867437
C14orf178	0.5622485686135394	1.9535731698805456	1.4978172073365816	0.44278452991994555
C14orf80	0.2526183715423469	0.5567424685924325	3.6360765919219773	0.5571299627830746
C16orf89	0.2575332078134019	1.3727277998814513	0.3712296776823744	0.5354385294751621
C16orf91	0.17655279323396295	1.6608331401509178	3.5826709785971222	0.5606055133530015
C16orf95	0.2839055263675812	-1.120063865876674	1.9826358869590222	0.5058060592150835
C19orf71	-0.363542521511695	0.03868702728686183	2.7915870721480798	0.4191894980291656
C19orf81	-0.3854205534431028	0.03494861541574043	2.9779911566170134	0.4983732669231792
C1GALT1C1L	0.2399096481237774	0.46402220883905654	3.131874463196177	0.4043559813079407
C1QTNF2	0.16536788198396943	1.7350570345465457	2.057847641335632	0.429852154413347
C1orf105	0.18735895933561572	-1.3911664085938833	0.12626462361638643	0.43142917106354106
C1orf109	0.20940425443871197	-0.831619701735809	3.1129971724858763	0.6233380310890699
C1orf54	0.7753192801376937	-1.276830616957443	1.6876504606934004	0.4196962143465117
C1orf61	0.1789474979384158	-0.21345525937222748	0.11879496578954889	0.5123398459089288
C20orf166-AS1	0.17807689952194122	0.44875284971123724	0.42178481102749155	0.382824465509061
C2orf66	0.22936297401515415	0.5461970732088743	0.38666638138829806	0.45031381513075397
C2orf69	0.15684511164845757	-0.1485654708437698	3.513214365223444	0.8048109296014756
C4orf48	-0.17681264075692574	-0.47457935528685047	5.992855029036705	0.3783091262674989
C6orf226	-0.3611826110932974	-0.06125602988940762	4.497835611295962	0.43883821574610216
C8orf46	0.20223414546415622	0.4689539603807289	0.4714887835597137	0.5844705470946239
C8orf59	-0.16422018504733696	0.6966788573635229	6.8454287098215065	0.36252158237510157
C9orf142	-0.15191668836088376	-0.7047106484787217	5.615632939090171	0.4649707938083264
C9orf173	0.34790144609283236	1.0733976330726158	0.7974093434862827	0.44857865066410363
C9orf85	-0.1752547294125313	0.6557982618895825	3.470840994831264	0.45950916206300463
CA3	0.19492545975496417	0.3444240603160304	0.754201342096707	0.4328088575209885
CA5BP1	0.25284833890912817	1.3872583397847664	2.0349492708443186	0.4974992898761551
CADM2-AS2	0.28094030165446743	-0.49975029250396047	0.2655912690831835	0.4012976748270941
CADM3-AS1	-0.15539484947496002	1.0720327965596081	3.6032751141376145	0.5230109767369091
CAMTA1	-0.17928990273633053	0.7936687280768483	5.524336805728765	0.5089936063644103
CAND1.11	0.3572329595542919	1.7402229622002492	0.4152167604988936	0.42450544236035437
CARNMT1	0.2161884441146149	-1.0850092750661446	3.8256363566397136	0.6571307394004127
CASC5	0.20355006641537177	0.06807886301107255	2.885120839309314	0.4598674462050737
CATSPER1	0.20451897598281893	-1.9979408428875651	3.3354792702894436	0.4811707885844646
CBWD5	-0.18667336494743858	0.27325273476406153	3.257356998853266	0.7514437628631745
CCDC116	-0.18521165473832382	-0.6964796973864982	0.7253320540261486	0.399879542463326
CCDC163P	0.24392964588324045	0.5824445001745339	2.424009928758106	0.4894725628123492
CCDC171	-0.18600848390421518	-0.1368084753897868	1.2104707519326252	0.4103266408829077
CCDC181	-0.15891220200215914	0.3958926644595745	3.126293527976382	0.5031872988764545
CCDC183	-0.25694240397623513	0.68392992852849	1.5457425115899672	0.4127375128274966
CCDC53	0.19111641924426492	-1.5750144845056344	3.6961740162848753	0.4022844704199181
CCIN	-0.22505176236934668	-0.9481303693835167	0.40004658751450567	0.4860857655197891
CCL20	-0.47401950025192163	0.3621407689644112	3.407040124399078	0.5979032012976048
CCL3L1	-0.27960525125187796	-0.34543848597222665	0.7154448386799712	0.399647173721977
CCNA2	0.2203972761526933	0.014502569060190484	4.624626829647894	0.45629595831962166
CCND2-AS1	-0.396354831654714	-0.44221077448370366	0.6500264124279153	0.35287781083308867
CCND3	-0.21356742066173395	0.6945578821105471	6.030673702061371	0.780954411700612
CCR10	0.2518301832376623	-0.5135585322303896	0.4581026985759681	0.5971596306031737
CCRL2	-0.15328586391143723	-0.5032089691635975	0.4152292608955754	0.4305006226222632
CD68	-0.22512150433051484	0.978285440423656	2.1502150885972586	0.3773957110755737
CDADC1	0.2545791062396137	1.9323788307486005	1.835478083085639	0.44073917702826515
CDC25C	0.22415537960615098	0.8297539363402231	2.911278053898923	0.397543386749036
CDC42EP2	-0.18813246898267305	0.3126782012531712	4.136363290439666	0.6618436082029541
CDC42EP5	-0.20542297539554694	0.38370616097424687	1.8193951450516783	0.3867640962922294
CDCA2	0.20913941806943506	0.10311427453185278	4.17132366920981	0.4418289993095351
CDCA3	0.19735294701276782	0.8600033797044864	4.170594255145355	0.4683646381525406
CDCA8	0.1745430053821484	0.4002368621080373	4.805248924047829	0.3537700147044327
CDH15	-0.2643607863298326	0.5295794234919701	1.0106927966760078	0.6068031156598078
CDK1	0.16693340430171133	0.024623835246358344	5.904825999215562	0.35048780444268834
CDPF1	0.15742340793107115	-1.7379787815803507	3.2373051099673154	0.4372336013089193
CEBPD	-0.36769741013500756	0.5831212372618119	5.116404544319221	0.4030713564673323
CELF2-AS1	0.17041763135295146	0.5493389524570341	1.8538959922863243	0.39341121544611424
CELSR3-AS1	1.2792971776132644	0.05973230199510018	3.2603576835442944	0.5869180981220721
CENPA	0.20767021526781307	0.18976706972414775	5.3326367128935885	0.45492103848956966
CENPE	0.2160285378472397	0.4148141920370928	3.8039751549488523	0.4764529581525221
CENPF	0.19940040927606642	0.3745018891123958	5.270598561705433	0.4923720276189951
CENPI	0.21826782789659668	0.6454233062190966	3.0336084116545705	0.49592212997699403
CENPK	0.1918747549261965	-0.4946520989085826	3.959325407019596	0.566202539303513
CEP170P1	0.15925403917458372	-1.438268712859756	0.149119146287917	0.36968583428995005
CEP55	0.1843372892965676	0.06078890471649183	5.739716307827391	0.36665903402133715
CERS4	-0.17889904996068684	-0.10572856906222208	3.8474588410560426	0.6375493839760817
CFAP126	-0.2642534274450246	0.553977651912142	2.4694275163738397	0.43425598093367146
CFAP157	0.2346980463817	-1.6931454423441346	1.2906916237203623	0.4309179650089078
CFAP58	0.18976998031466089	0.6431546877042682	0.47611863475047556	0.407004586249886
CFD	-0.29714992699910686	-0.45342558400706234	1.7839765335232	0.5033057895755002
CGRRF1	0.1584408942415275	1.706268679162281	4.0546370585526885	0.6460821294503832
CHP2	-0.21879931522049403	-0.8341438134590817	0.7523981726711241	0.4364335716231075
CHRNA1	-0.3069386622122627	-0.4327337810275265	0.5412132397250612	0.5713831389862553
CHTF18	0.15712372141450232	1.1536634964159145	3.54616299183247	0.6987430324965078
CINP	-0.21658748064654787	-0.1354420791558855	4.437292764513993	0.7073001448062505
CISD3	-0.16830471883392323	-0.040564798536080374	3.295825005448154	0.5220959083612584
CKAP2L	0.20303511635570035	0.39348372876049986	4.055560190934795	0.40285679345954273
CLCN6,NPPA-AS1	0.17684646289945802	1.9577471199922625	3.2763225710528388	0.4695782551544446
CLDN15	-0.22688967230393367	-0.2925086135905255	3.1326980770373716	0.44187905927639315
CLDN34	0.1537400293539877	-1.0471975509570437	0.07687001380352239	0.3926085059267429
CLEC4A	0.4089470407460731	1.4891649085233554	0.5330182009682582	0.49504983880265396
CLEC4C	0.22171886819960177	0.5862385396929324	0.19168737234857425	0.5320633998261055
CLIC2	-0.18939122296464772	0.34272991875882924	2.1198305322699733	0.35256148992266145
CLK3	-0.17523996970157493	0.3779774996178659	4.210783890755325	0.6120057880086405
CLLU1OS	-0.224858472652055	1.0471975459230738	0.11242923632602757	0.3877726453754897
CLSTN2	0.2187981261141303	1.7562192370789056	1.4463369965970305	0.6151142740349929
CNFN	-0.5339705684058745	-0.736238913893887	1.8241489455662416	0.4767950810318816
CNN1	0.32417723842800755	0.13460588513514563	3.48029314652777	0.391463729413694
CNTFR	-0.198179103402282	0.29649248278828283	1.4978488018252611	0.4866358794672163
COL13A1	-0.1703926260626821	0.911914705758222	3.206350325592025	0.5093681672384789
COLEC11	-0.19125956044044182	0.7458893997038063	0.30193720262191365	0.3569755987993086
COMMD6	-0.15278265226591506	-0.35574990338841433	4.380077487349403	0.48976390066898656
COMTD1	-0.1876305886638898	0.31570532628029035	4.260784618300596	0.3650869999051036
CORO7,CORO7-PAM16,PAM16	-0.1708201725897432	0.3013524558124259	4.5268031525161385	0.39904435161757834
COX10-AS1	-0.2111991759518571	-0.5894892394854335	2.061369916168947	0.3792766898515041
CPLX1	0.24971493393727467	-0.8432716844943873	0.6002885858912315	0.5768871273294862
CPNE4	-0.19448348372322685	0.782736450229178	1.7026281845655369	0.36724363969741913
CPNE5	0.20969935063815237	-1.0682317267607742	0.6664118415633653	0.4264200041616856
CPXM2	-0.18092034767441503	0.0550307348708142	0.28699224066140877	0.6582995527007168
CROT	0.18200473126841615	0.926079557717328	2.5307924276758396	0.5497307269077844
CRY1	0.2303447469248166	0.7990991257717891	3.3099953240460236	0.8271397973129508
CSRP3	0.17329965766269895	-1.069997448073742	0.4539680277767109	0.37823018879159453
CSTF3	0.17478810156487318	-0.45670217985837946	5.707262455918574	0.4510541336146401
CTAGE7P	-0.15051340306111766	0.6448082280950201	0.24192252063219338	0.5459610514702393
CTB-7E3.1	-0.5229076881522029	-0.09738843965794297	1.1640391773256753	0.3865201129105703
CTC-436P18.1	0.2070977118503742	-1.622428783069048	3.651215080583204	0.3944838019802137
CTF1	0.31361923878294345	1.8558245758233864	1.5716911032530432	0.4337594393707571
CTLA4	-0.20562892155948465	-0.10693893096854226	0.43494532423518456	0.3932342666562765
CTSK	0.22256406604295947	1.0687117185715946	1.114788439251853	0.3822522847118601
CUTC	0.1510267831114415	-0.6980763529796201	3.721468904176739	0.7344639870943718
CXCL14	-0.22473724260477423	0.32550786787565794	5.88594226941893	0.5153169509067828
CXCL8	-0.3943935243959105	0.4506678530780491	3.9216479707884404	0.5475751789620474
CYCSP52	0.7360567094870398	-1.1907100361346767	0.5079884068826853	0.4094945614267572
CYP2S1	-0.21978780037756887	-0.7768132385333861	1.5967917068853947	0.3800698919844703
CYR61	-0.20953345804314405	0.7117004036887153	6.993980075815586	0.5501606488090494
CYS1	-0.2020676032895513	-1.0876760701791326	3.045485302644389	0.41743061464243514
DACT3	-0.22269578533207063	-0.42174211119107446	2.8257640075084476	0.5107728939670516
DAPK2	0.2310737829338999	0.5571860452937928	1.1399142724501008	0.4104691415372278
DCPS	0.19694541092434206	1.258053575857931	4.0070466425975155	0.5674016401369028
DDT,DDTL,LOC391322	0.2742593641972783	-1.7058739265263385	2.359352414781946	0.4479241658277372
DEAR	0.669706180198406	-1.694892447776359	1.7869400146050445	0.40489049585656134
DENND2A	-0.20576930741257612	0.9772427124726496	1.0991396237553785	0.5878761975875133
DET1	-0.2223242763685431	-0.8248235719086283	1.8578351109578524	0.42779861168884037
DGKQ	-0.1505508551078804	-0.9359753747185928	2.1924775269071075	0.40262196280360796
DGUOK-AS1	-0.4052219761849206	-0.5982005837056549	1.8508750106402965	0.4467615774737974
DIMT1	0.16699310258468128	-0.8577897032378293	4.551290257526536	0.5638007426119649
DMC1	-0.8180508212363978	0.7734114676373444	1.5876179745413885	0.5477415607318141
DNAJC24	0.1707060877520705	0.11750962891025148	3.196082578265644	0.526257019803472
DOCK9-AS1	0.32058224761969234	-1.7198339539242318	0.18303643919019588	0.5071883628348343
DOPEY1	0.1628151939567123	-0.45220801290694884	1.0621227833582287	0.6571429251773653
DPH3P1	-0.2929142975288961	-0.6678683331810329	1.9647348686437214	0.47964977898129024
DPPA3	0.2199916868446702	-1.0891984966264991	0.13558790046521244	0.5019292711327106
DPPA4	0.2341620266570705	1.0438260198867269	0.5061620780014267	0.533114728988094
DRAIC	0.21465478407550698	0.30295508093662143	0.1951508543108595	0.415298644755861
DUSP2	-0.43295988170531674	-0.0702457370729119	3.6321369831998407	0.7965900817741068
DUSP5	-0.17497094413144082	0.33404179861815725	3.4996695070690707	0.4799031273697273
EBI3	0.24555407766348794	1.5367795401407527	2.1934124151562964	0.38770481776098054
ECSIT,ZNF653	-0.22936134784055973	-0.45956085722504414	4.416625811886279	0.4054878114897331
ECT2	0.18766374795479374	0.02636468519970505	4.280235977205173	0.4182397738012519
EDRF1-AS1	0.5667540939062972	1.3317295158366773	1.647279361271532	0.39180342972578863
EFNA2	0.2020882261082025	1.335838622518096	2.225437724577955	0.42037171378332794
EFNB3	-0.17853796978505304	-0.11768285262987614	3.222129402192224	0.7422778056005843
EGFLAM-AS4	0.2059331931981374	1.074410726005193	0.39271798339145514	0.3617745660537586
EGLN3	-0.2786391601325429	0.05136876433024951	0.8331024149412879	0.5908855797405697
EGR1	-0.2220884343032787	0.17167927734092886	5.810928692370309	0.5313278598808119
EGR2	-0.2383361101334424	-0.7287523963030756	1.8535939152928727	0.4100957106034039
EID2B	-0.16064924040406905	-0.7622821646483229	3.2844942258316414	0.3961223466388114
EIF3C,EIF3CL	0.20402960950879423	0.1563162686395267	0.9173960155534285	0.43945231556912534
ELAVL2	0.3145649379011567	0.5830398885482824	1.9933697547293918	0.6450347341620553
EML1	0.2041934989486007	0.9795882785015239	1.8352035446411592	0.4819257942675772
EML2	-0.2002089536686922	0.25332845437870527	3.489528911599706	0.6249660101706647
ENC1	-0.1578500424524949	-0.8808193258717704	5.645015006775168	0.38877818341991177
ENDOV	0.19606217260648243	1.4749889436420136	3.5093010462513465	0.5943751045966581
ENTPD1-AS1	-0.31211119029808165	0.4689556701687425	0.790834393501543	0.4283353449433306
EPB41L4A-AS1	-0.20378157426972632	0.3812440394033117	3.9557657911675426	0.3938829358733795
EPB41L4A-AS2	-0.26872583251321447	-0.9210095193381993	1.130177388516684	0.39953604889155603
ERICH2	0.2785915916147327	0.9068101535571265	2.518188053278663	0.5218635279241861
ERICH6	0.19065174128463236	-0.09791413059362819	0.2737230891919006	0.3863080149164353
ERRFI1	-0.20185841937677132	1.03126503911184	5.749705553597398	0.36554174641878145
ESCO2	0.18617576591020202	0.8261687368680356	3.310705330060592	0.7058027495682726
EVA1C	-0.24539735364515164	0.5579809288407503	0.6980838939717963	0.45084070970320833
EXD3	-0.18375012264458826	0.21468328852764199	3.0184430693465547	0.5845972494937648
FAAHP1	0.23654811626501093	2.0237977572107053	1.6649447161780528	0.43745067274952176
FALEC	0.2774083826380141	0.5792233331688152	0.35200999037204955	0.37225050305270446
FAM111A	0.15243393723214846	1.26257079677175	4.5661329997085955	0.5024698779669328
FAM131C	-0.2529758845771415	-0.8287921572501917	1.0742342236968374	0.43568048587159613
FAM13C	0.2269980460504831	1.5832814913238564	1.437780571713274	0.44426419934935524
FAM166B	-0.28884127643878	-0.12003577379804369	0.3187731293492261	0.5416466167631819
FAM171A2	-0.2552609027738122	-0.8235846369361681	2.970326069060291	0.4565024538449448
FAM178B	0.2316682642415673	1.7009339962561292	0.28452911047467977	0.44214134059925847
FAM182B	0.33121724202410807	1.5884975037349953	0.6655703009666194	0.4544127462319344
FAM19A3	0.2845399770392713	1.8621293240127008	0.4458227687247585	0.3928258039213878
FAM207A	0.1844113662397889	-1.3413713268515512	5.0269719283025935	0.4371458471569891
FAM214A	0.17337805421396832	1.270758496369505	1.84780132342511	0.3566836710627128
FAM218A	-0.15450657186665886	0.8472054824102655	1.1288020655100879	0.35517991451201636
FAM43B	-0.21848746466733224	-0.5308733453330176	2.2069158248951837	0.5143385063775988
FAM53B	0.1511150186306789	0.14822216779941993	2.586965756165279	0.6456329861252608
FAM66C	0.17649822780105712	1.488707591816001	0.5876595616149755	0.4227996316720407
FAM72C	0.2351318455602152	0.7707938467310711	0.3286925368215874	0.6770213511349092
FANCC	0.210764793359132	1.5479747256530971	2.950376008871152	0.6063989783179036
FANCD2OS	0.38090544325640274	0.44483921419890854	1.0249798431666555	0.5010899913285702
FANK1	-0.30749017216108626	0.08979913202936546	2.118855499380839	0.5141977994752263
FAP	0.25711637759206896	1.1085862485537565	2.497318558587826	0.5178531385989235
FBF1	0.24257169865258063	1.188235701146601	2.4839294055005006	0.6471548539400687
FBXL12	-0.2015467056112806	-0.8744660258821944	3.4427522228872856	0.6220481315005066
FBXO5	0.18293659351836436	-0.005510712978517143	4.51768118458504	0.6101322238890816
FBXW8	-0.1884079894325409	-0.022736095470365307	2.221317347706214	0.365387062978042
FCHO1	-0.19719454883744858	-0.015054296974131945	1.970056065557926	0.500756778807731
FCRLB	-0.2091887469454106	-1.001476422775068	0.33082729298122665	0.6131950495679643
FES	-0.18994692442100844	-0.012970617592251436	3.2950253698065204	0.6519887227209396
FEZF1-AS1	0.16868025342360563	1.8834844188599607	0.1272000000587341	0.703768283481371
FGD5	-0.16616236886999186	-0.10562590857263279	0.4240773070321592	0.48784657491010397
FGF11	0.21273390989232158	1.5666668322247683	2.7725028973176626	0.42340438846379436
FGF13	-0.2704396862514916	-0.3423262634432421	0.9871286530574217	0.6231839018274568
FGGY	-0.28199371251728206	0.6522406730088365	2.207631217207487	0.44352907738871983
FHL2	0.1830051784623243	-1.9854392928229274	7.121081062697621	0.5715274625093922
FIG4	-0.161948713339206	0.7834627187577201	2.819267346155837	0.38028715460091533
FLJ22447	0.3071105702003378	-1.709468734151446	6.317024457948842	0.8521710616524034
FLJ36000	0.19543937112251378	0.3963007563064005	1.7688653109722499	0.4731604954160634
FLRT3	0.17394444314003177	0.6440735887043232	0.5876761627696607	0.3594440319697604
FOSL1	-0.21192875794433394	0.7783430844482335	5.099354023351235	0.38476515251580856
FOXN3-AS1	-0.31135202644868026	-0.4153542476967678	2.377273842516401	0.6292412346181975
FOXP1-AS1	0.4230318899503565	-0.34914675163756054	0.7851283878249017	0.40425100959887783
FRMD4B	0.16631067423406196	-0.32427073208278967	1.0232363422782764	0.37970046869774166
FRY-AS1	-0.25202913737802113	0.3013361334819287	0.48286063021941866	0.3759932133874557
FTX	0.22638905729298292	0.05028423841417041	1.7385424260637548	0.4081220663020182
FUT10	0.15737187977092962	0.5821725913433815	1.6250756156090744	0.4268912176445149
FXYD2,FXYD6,FXYD6-FXYD2	-0.156557986015631	-0.12709667209990147	4.25959248287262	0.4403456925133681
G2E3	0.19176414369814462	0.11748917302495995	3.0501747552031815	0.6994898146917419
GAB3	0.20276717326493796	0.36202548163430115	1.5289254553216929	0.5489678198153469
GABRD	-0.15201467820350453	0.6653027612265362	0.3246797844261625	0.3598850714821644
GABRR1	-0.25859631030327773	0.37096032477230706	0.9408112542540586	0.631335034980857
GAD1	-0.16478921621801984	0.09819609073060907	0.36562220206415735	0.421587200610148
GADD45A	-0.1766398063995891	1.0755786825566886	6.127022944165488	0.4371799462627389
GAGE12D	-0.16962521033847358	-0.4826254662231325	5.356918266623035	0.5045160491152466
GALNT5	0.21117316840232642	-0.9997295283073586	0.6186477718202127	0.48233201651769186
GALR3	-0.23955053566116608	-0.13240904954396884	0.1702308636105613	0.597255153032513
GAS5-AS1	0.38951873267914117	-0.9583737733284563	0.7809060059378542	0.40103283262870915
GATSL3	-0.16308490388877797	-0.13525171501249253	4.068986296299233	0.5412048820505513
GDF15	-0.48204052993792273	0.45386164887903296	4.20619913083304	0.373118240356907
GEM	0.28374228811799407	-0.9235404880702954	2.9271662285434603	0.63821635123929
GLB1L	-0.20557832975629134	0.7397498003839075	2.2993384600355875	0.3639704950779913
GLIPR1	0.2084080670612266	-1.5970109823493	2.3588511645046832	0.7570597742139694
GLRX	-0.18138632938138932	0.7725321743268793	7.301856039617242	0.523219147962587
GLT1D1	0.16938706206451606	-1.4670705129678876	1.084489707738979	0.39344080103635415
GLT8D2	-0.1629793229095906	0.4126100060104479	3.2354992732982453	0.571173446756009
GMDS	-0.2124275119370729	0.8562507842208509	3.5415824066077817	0.43829230639034333
GNRH2	-0.24625013541168253	-1.0471975463811856	0.12312506910282554	0.39034570387636547
GOLGA6L3	0.3281201468533754	1.790390220044867	1.3897956848809558	0.5427481630800228
GOLT1A	0.4358082025380189	-1.9556950564158635	1.1019001469016156	0.4028162368356283
GPALPP1	-0.28749095236869715	0.47600974078217895	3.3958703435909587	0.6549444038243333
GPM6B	-0.31197125952581806	0.496837750877874	0.9266591145812372	0.4626334891557271
GPR108	-0.15088488913659645	-0.7468714254465738	4.151672880524771	0.5056102467673201
GPR137B	0.20946305967895068	-1.7246403215251378	4.1605237104896124	0.7455189120140044
GPR137C	0.16590427054266005	1.3386988834348261	1.7208197470838715	0.5499174286286739
GPR176	0.1507977161108132	0.39614119495230615	3.7291982205214182	0.41332409205338927
GPR19	-0.28331265370749786	-0.1853417374541209	1.5790495905030446	0.5696043218902599
GPR55	0.20315112002607477	-1.0371398663011915	0.2875106808095683	0.5655300355349786
GPRASP1	-0.15721649488145661	-0.5630558914655761	0.7656647178167024	0.5870490637857424
GPSM2	0.17311885507195998	-0.02108095073606282	3.9770867840163864	0.37931517951085847
GRAMD4	-0.20817825267097054	-0.6126327301737375	2.615817596373976	0.795903043230832
GRID1-AS1	0.15795856542349984	-0.5018558364027326	0.15007978480378908	0.5603396028091754
GRIK1-AS1	0.19892205989118036	-1.5702845102942051	0.29519803806530975	0.5184680672626365
GRIN2C	0.1630267254354811	0.7647921010602101	0.79924626756346	0.4894533519595522
GSTZ1	-0.1507853232549067	-0.39908960927822246	4.953208077650496	0.5215720454097255
GTF2IP4	0.15447763655109745	1.457221420437955	1.113082925849876	0.6202870625979653
GTF2IRD2B	0.16027810427414108	-1.2523993477297548	0.7585213035974876	0.3804095472114606
GTSE1	0.18225137962777657	0.4679937664132041	5.363848597997989	0.3808057903856762
GUCY1A2	0.1976411590218331	1.410641699265358	1.7822455964166517	0.8787888914805476
GUCY1B3	-0.1727589217398274	-0.3217331897111489	1.063482221006905	0.3624591085035186
GUSBP5	0.19785409328685177	-1.70253267332689	1.1962780214691269	0.4976958080575995
GYPB	0.26422488613226564	-0.7080727985009944	0.14996196749010252	0.5108940271563993
GYPE	0.5095359395756813	-0.275362975668367	1.361525233559952	0.4952158083602578
HCFC1R1	-0.1772538455830831	-0.027720763429696624	6.715834240704408	0.4109179865041367
HCLS1	0.22836980699185175	-0.10895118916002793	1.1021235468989132	0.3794022208022032
HECTD2-AS1	-0.3449108143987103	0.055826030828643104	0.9892866516418292	0.5364131794939204
HERC3	0.15358600096766142	1.5199852224456498	2.0278390397189123	0.4572442110856152
HHLA3	0.15274519602306885	-1.6095011767728624	4.424608305419783	0.41677109846611116
HIST1H2BN	-0.5523147835985486	0.605139991039792	1.3571220423494144	0.37238713440329185
HIST1H3A	0.46167439979101776	1.3581605027968056	0.40615323783442353	0.3977910785115316
HIST1H4D	-0.3772476649191963	0.29974584330560416	0.212369694567666	0.5229826864784486
HIST1H4E	0.42812846289151024	1.7569036023789781	3.1265200897523076	0.371410639147324
HIST1H4H	-0.24722554061667168	-0.8928647415325749	3.633086850700649	0.39692842013596963
HLA-DRB5	-0.17233225725981885	1.0041374309561266	0.14490029595507756	0.5235252590023587
HMOX1	-0.22309935090005908	0.8532574381524035	5.0454865943970795	0.43425912747523243
HMX3	0.2160222374235899	1.1415265699131116	0.27528050367699625	0.4222500104107162
HNMT	-0.26855477422782437	0.801386475955643	4.248788704401857	0.4989345549194333
HOXA1	0.17459128631680726	-0.6994628822121054	2.7029783550946735	0.3613196644625697
HOXC-AS2	0.4854411863675957	1.0605655436074017	1.4486157907653656	0.4818186134988076
HOXD1,MIR7704	-0.18083106729781823	0.44428688957158613	0.28213025944979	0.47088989548688376
HOXD4	-0.19535840779053115	0.3616334723369952	0.7213137359979324	0.39513660479538826
HPCA	-0.23603146175646783	0.6183239205986478	0.3548628964821294	0.38726493809071905
HPX	-0.21218179070413995	-0.9055248066218966	0.35443367570036055	0.4391074606918186
HRCT1	0.34983129357121123	1.5152407634405498	2.6290738283436887	0.4255616365757081
HS2ST1	-0.16586397166936623	0.15634825571201255	4.409053576296036	0.5386823280219859
HSD11B1L	-0.2027048406141505	-0.7637038091652667	3.0999282278744325	0.40588070570846546
HSD17B3	-0.47943002556211084	-0.22909877447579313	0.916486340447698	0.4464612700451175
HSD17B6	0.20252329565940336	-0.726899707805606	0.436773992057736	0.4457592892057579
HSPB6	-0.25627309809472615	-0.42192647808478606	0.7176525038288588	0.3831291771622163
HUS1	0.15608772636297788	0.39634774402495115	4.160506412919181	0.5733641148637774
HYKK	-0.5336122115456879	-0.4624700111440596	1.232090388803119	0.5658463693064295
HYPM	-0.15830033449617242	1.047197551196606	0.07915016817940924	0.39999904887869286
IDH2	0.16926450260041495	-1.6360517605982547	3.82168714521021	0.6856498962341437
IFI27L1	-0.3129385107508351	-0.8551025714995243	2.538457754360812	0.601830502859416
IFI27L2	-0.2277273171406141	0.4285377857633375	5.986138318372848	0.369238991229625
IFI44	0.22295134197972838	-1.2757589193343706	1.0276158214691393	0.4194111488451434
IFITM2	-0.3169451590420261	0.5355055321123634	5.56369639690249	0.6756087355839293
IFT22	-0.1579439464149955	1.0310933146703294	4.054273522840624	0.48939149856281605
IFT43	-0.1817418916791673	0.7407396427703261	5.0944297797985145	0.44129699172463
IGSF8	-0.15334026475355397	0.6566057079156653	5.17207295523469	0.5912175583194366
IL15RA	0.1657137850034039	-0.5716027552897017	0.44451001647526606	0.5006168262858068
IL17RB	0.25610192018022365	0.5979107378982518	2.1360679999348244	0.49341251246966367
IL1RAP	-0.17086329666262817	0.9588872260514613	3.262157370888471	0.5293308075212995
IL2RG	-0.2405515469586007	0.7403870926030868	0.8140055090146873	0.4034327177782484
IL32	-0.24948217233226896	0.9430438160521113	8.244263514497947	0.5426580816993682
INPP5A	0.1739126262556829	0.18592556784008013	3.2603657620319315	0.4763963935062019
IQGAP3	0.15355371283103073	0.3982196460542644	4.3863992506939695	0.3718959535720032
IRF5	-0.19914440947856735	0.0980964972452047	0.461874462790678	0.5063994184794411
IRF8	-0.27330140761967053	0.569035436078445	2.2405635421247045	0.4903851625730449
ISG20	-0.2679630364876882	0.8681342457191366	2.4607943200215483	0.37379401287296166
ITFG1	-0.15706162060640866	0.5108307388945758	4.541841751695078	0.555722373252605
ITPKA	-0.18098144471237837	0.6898907490592463	2.4188817278130803	0.6296835070781881
JAM2	-0.2930703668738771	-0.41040295907110314	2.499834591920363	0.5780917659677909
JOSD2	-0.17084043684915665	-0.35144579772311807	5.415089608698059	0.519476332947389
JUNB	-0.16491534449157783	-0.09063227850401351	6.091426540430865	0.4427779656670352
KANSL1-AS1	-0.40257475860320907	0.519565872062127	0.3464403937959842	0.6443141370983005
KCNA2	0.15706732620782524	1.534487621201881	0.29802755663212405	0.5009451182497555
KCNB1	-0.15961847922073003	-0.1443650428976644	0.8224404670830344	0.43818108198416494
KCNH5	-0.16529397708136895	0.5228278267019185	0.6673452364220523	0.3718822800876237
KCNJ11	0.22366041604902054	0.33156145065969084	1.4845354147929926	0.36823395971039175
KCNK4,KCNK4-TEX40,TEX40	0.22325802575289624	1.4813753759215873	0.3838802106258139	0.35795025513580003
KCNMB4	-0.16270520628255633	-0.5857986782632397	1.6240534729190401	0.4255824952421321
KCNQ5-IT1	0.5473565528681553	-0.964627096536739	0.680723668020351	0.5544120359752591
KCTD21-AS1	0.320479650129647	-0.18565486589843144	3.0121075760198592	0.42137405630308566
KDELR3	0.15339910673483007	1.5753963790905485	4.642199419170252	0.5253664080955971
KHDRBS2	0.1598459122134896	-1.9278941559894713	0.5931879838929649	0.4353990071441224
KIAA1524	0.18815870710950597	0.19124925498074494	3.8719518565653304	0.5802563592901673
KIAA1586	-0.18051313144919437	-1.0889619499506982	3.006619439055608	0.6917888307933371
KIF14	0.2597579970054169	0.500125943510722	3.0761601538843037	0.5881539678318004
KIF15	0.17632578786135597	0.19561565942610412	3.0943148977574215	0.3830733288106404
KIF20A	0.29790875631990993	0.4384830724341037	4.579003838345557	0.48367861105146115
KIF2C	0.21721929776259302	0.012460610105319505	5.588734670582615	0.4768236483190904
KIF4A	0.1910079821585501	0.12477149115977207	4.394259740876446	0.4125593461703434
KIRREL3-AS2	-0.23662812344905748	-1.04719755495502	0.11831405893056152	0.39233000401700513
KLC3	-0.16926137819313167	-0.31236281829910173	2.124661469970473	0.4079084540084438
KLK6	-0.15959462143165423	1.032661112251334	4.459668872207647	0.4185427012425543
KLRG2	-0.23071958039953877	0.013000880956600899	0.14215344032986188	0.4800363998106203
KRT14	-0.23092987036059925	0.8445369084001187	1.3639277616548438	0.3584418504592086
KRT16	-0.2189378773342905	0.3832712248549104	0.21922351116469177	0.5166825932559878
KRT222	-0.2638305718569388	-0.21713917028073917	0.86341692821849	0.41558253245517895
KRTAP22-2	0.5108766249267431	5.630556275946696e-09	0.2554383122318231	0.39974215106473254
L3MBTL4	-0.22611435345907366	0.8738068006068697	0.9969353476014907	0.5672413669740719
LACAT8	-0.4325273060343117	-0.9731810186805993	3.009522856007947	0.4978691400841194
LAMA4	-0.3034097226064347	0.7182243355015175	0.7991580443776037	0.43184467570134555
LAMA5-AS1	-0.6219278642166093	1.004775710548742	0.8698267170522475	0.5470909260242441
LAMC2	0.16709916630591248	0.7367840401949857	2.5580894844841655	0.4320107018430539
LAMTOR5-AS1	-0.9016927639925562	0.4763739643345545	1.3528790689631676	0.5610895259796025
LARGE-AS1	-0.19090005257443712	-0.621502279897517	0.13129867777451779	0.7160238277960627
LAT	-0.20727742065499755	-0.30131051056065733	4.1401602485861755	0.7562799052574459
LCA5L	0.2592006901634786	-0.8758837184980577	0.3899057548517059	0.5042661990784892
LCAL1	0.32989314865873065	-1.0489032143565151	0.6833958920963068	0.3737355699474234
LCN2	0.2620234687455464	-0.892167235070682	1.8027123073941431	0.4000695355002366
LDHD	0.2926607673591378	-2.0319378630043112	0.8834116433557905	0.5315179539221144
LDLRAD4	0.23365282159799172	1.8440061444546256	2.4442082944021593	0.37795164805326675
LEMD1	-0.5092881516675216	0.5466998736037053	1.130209098917576	0.3530298093726977
LETM2	0.2573421290314881	0.17285265435682204	1.912269321774979	0.4966658796662591
LHX4	0.18934459320124272	1.8838624441046763	1.6723311477820404	0.3786466843892857
LHX9	0.18739452117740993	1.9016309057007414	0.564889957206852	0.4318142887516979
LIMD2	-0.1588628110471687	-0.9467386132993056	3.9269795108442622	0.6212299729397581
LIN7A	-0.4864826731308558	-0.057143274268876824	1.1524960670755258	0.6007716979782163
LINC00162	-0.2575076259408099	0.9467918628741123	5.308700121857618	0.5998944748607632
LINC00221	-0.15609997836077757	-0.6067715435752428	2.2194212851271353	0.515134485700169
LINC00240	-0.27472615162392816	0.16992472183649496	0.6174203647275368	0.36407436359930057
LINC00266-1	-0.5404770594720243	-0.4595833157181699	0.4844391328239496	0.6699786291679353
LINC00273	0.21926369063497655	-0.5794614743498907	0.13786064659344402	0.6722460396907647
LINC00294	0.1763373614949468	0.5260334173613095	2.916464284177188	0.37750888343776157
LINC00376	-0.15242035545168636	0.29410703415356354	0.08569276363242431	0.5232764143061281
LINC00381	-0.6581912998961994	-0.5803321399533043	1.220437164493986	0.6118748580038417
LINC00525	0.23242091772446677	1.8500459950425499	0.14477640996416524	0.5399153443974739
LINC00564	0.23505402364580255	-1.7001314741749352	0.27965937324149626	0.3533218826118898
LINC00582	0.16951271105711324	-1.047197549447766	0.08475635583899752	0.3928270303754011
LINC00602	0.16247727802915077	-1.7390494707170798	0.2624901723363448	0.42753103777915413
LINC00662	0.19696960193784707	1.8056863780250116	3.1662166696583762	0.5894999323264133
LINC00842	0.404550378746824	0.5848629161914577	1.4477994265052219	0.437790519202781
LINC00852	-0.2665140244494567	-0.9396090399392838	0.5702714966780512	0.39984674906407125
LINC00893	0.2633231678434657	0.5102605127742081	0.7393702590854093	0.49962561842391096
LINC00934	-0.15485798355653377	0.9399791746908425	0.2162213871557124	0.5047152468687515
LINC00942	0.22623542577079783	0.7251578561225132	2.370151180463281	0.42290559941835515
LINC00961	-0.2208070281315379	0.41481349586614236	0.6090025149366043	0.5111478382612252
LINC00997	0.18022392163593642	0.8350777370720697	1.7179448342598076	0.4150590174772586
LINC01003	-0.364904049594027	0.6910672973917723	1.2905905511235514	0.5003803562777933
LINC01010	-0.3042791301540129	-0.8030485324563282	0.4398893667587576	0.5730109308183986
LINC01011	0.24951335688843612	-0.2935141318276469	1.4962351520496178	0.36120876996149764
LINC01096	-0.18226249185119808	0.40977310072729756	2.8448370235696148	0.6364141452054781
LINC01115	0.15092876364634875	0.688606096628147	0.3092400801822979	0.39892971282780987
LINC01119	0.41458004427013345	1.5365768129839623	0.87056871745552	0.6185364308933299
LINC01160	-0.18009947248626937	-0.9496394268554476	3.9802470208843617	0.4711075986780572
LINC01189	0.3194416651813181	0.4059073631774259	1.4213008878562474	0.4984537801304316
LINC01271	-0.19669415584758476	-1.0589154983226163	2.3055815677253326	0.554678007804613
LINC01284	-0.16735337887209656	0.7589817280175687	0.0939571894039254	0.48156533193904205
LINC01297	-0.3082518265266168	-0.4064317330383505	5.3289719048931845	0.6417392785793604
LINC01315	0.48470046036056064	1.4515997837374242	1.2807406897950468	0.5868519307813589
LINC01322	0.4619449249123925	-1.6939209846738759	0.7893715103237438	0.4503098871286948
LINC01392	-0.1550766120404792	-1.0471975587842575	0.07753830648590099	0.38859325460820593
LINC01419	-0.16539339216189877	-0.16318612078511965	3.0206904966636015	0.4619643174783724
LINC01448	-0.17049917752729485	-0.2207264687150291	0.11972860573832662	0.41735960846732645
LINC01473	-0.2433171107160951	0.206013225537174	0.23961112945949917	0.42062837580258505
LINC01484	0.3650705942454962	-1.4607354605327079	0.3260593749267584	0.4839060371841042
LINC01515	0.37607446088186003	0.272842141314298	1.9101230696548308	0.42304207516553693
LINC01534	-0.5448957737405516	0.0852696693786215	1.6301355486778557	0.472637332511574
LINC01600	-0.1762932743754264	-0.4712257574398106	0.3356016659869973	0.5631756710168279
LIPT1	-0.16989135603819916	-0.20148175902291085	2.5728784131777696	0.35531266156233676
LMCD1	0.24060637301164947	1.5790244811918386	5.073631936448986	0.3685228187404711
LOC100128233	0.2417583868594675	0.3372825371626488	0.9779043577691545	0.39007202136879193
LOC100128288	0.21558279347075585	0.6463797504068624	1.7153672557157995	0.39389273425310156
LOC100129518	-0.25363293579525903	0.019140430948804354	0.6583635478064013	0.6434227114436204
LOC100129617	-0.19405705111223648	-0.8903891184550292	0.3342379638990018	0.4328965894649339
LOC100130357	0.16055709791838108	1.9218674634178319	0.7474028565960524	0.5050510420045202
LOC100130417	-0.2511537159230382	0.7092786731159444	1.3397561104432678	0.37538827228292304
LOC100130673	0.3578807211372254	1.7166287513457488	1.5342601221155183	0.5333740337159357
LOC100131496	-0.2579162699728113	-0.03274117026176155	0.3675762347213156	0.5397057868966475
LOC100131655	-0.42542640974957124	-0.027316277295110016	0.6881118366111644	0.5637144537034482
LOC100133050	-0.35612941142256216	0.2313124971427943	0.48191175293055805	0.39268180487351656
LOC100147773	-0.18089348916496562	-0.6905298247009837	1.0671651105651692	0.48610113917366127
LOC100288069	0.2609723362673078	1.2871565216489773	2.4396589580054564	0.49614429604531063
LOC100288842	-0.5625184702171871	0.49469871272810123	1.4284442497486627	0.4600346379550295
LOC100420587	0.16125138924021015	0.2731548138189393	1.1913491693640552	0.4016652657327776
LOC100505942	-0.30740107535585093	-0.5583553955242043	0.9995268643472446	0.40931769886700764
LOC100506100	-0.19843474184610724	0.7083885590759037	4.737676024880639	0.43272095798986365
LOC100506371	0.24686235627702485	0.9861824330388451	0.21601590062602974	0.6329036794952188
LOC100506476	0.37069056516004734	1.952162197504347	1.7237850973995905	0.3504580579722095
LOC100507424	0.5168305225201852	-0.05336799925971775	2.1441394370348474	0.6574191630781154
LOC100507477	0.22103288892753414	-0.6332380105860571	0.1268471619645547	0.48151146834760594
LOC100653233	-0.35404440523076	-0.644056177692051	1.1817180853794127	0.5518432922652786
LOC101559451	0.564500758412162	-1.7837923491296177	1.2673692640336847	0.37054191173250095
LOC101926940	0.4460301956641598	-0.7461672516536815	1.0827005758250585	0.40385571985763424
LOC101927027	0.1545376588966855	1.3544953790845546	3.398901052868466	0.387762869023514
LOC101927045	0.18169258162741128	-1.8942485410359124	1.5954170326263275	0.46428987024612656
LOC101927100	0.3208801485435318	1.9351287860598925	0.6728101001074195	0.40582335367739175
LOC101927181	0.2555097923812411	1.8992075627893217	2.274572627153097	0.41385252272886175
LOC101927237	0.17234863255360813	-0.28989119373186345	0.18843425703131889	0.5027907398320888
LOC101927365	-0.30989573097672835	-0.8203839573141444	1.2046152164746353	0.5379681378483381
LOC101927412	0.38378253880657814	-1.718872924072935	0.36163105963338077	0.3922368524510179
LOC101927418	-0.45498104519231997	-0.7592432091460514	0.45339870413776195	0.4341043409060149
LOC101927482	-0.3088203052195648	-0.34024633390792375	0.6445125933902862	0.5523156918141208
LOC101927497	-0.6958678252689384	-0.5726657940755706	0.9986377770304065	0.46270921418583666
LOC101927583	0.17518162714032937	1.6597770487646526	0.44254572764633465	0.37637454029473083
LOC101927692	0.20839240824946373	1.61424789407935	0.26868072724523034	0.687029832340226
LOC101928100	-0.24857972369042414	-0.5056759549868705	2.486885839727166	0.6166716995832161
LOC101928105	0.22894025907533772	1.2044582988594543	0.15878006253518104	0.41220089036716634
LOC101928163	-0.2395408614865289	0.019653953986630494	0.8245009266025624	0.4000721464630037
LOC101928324	0.41877072350192535	2.016200351453905	0.32984138337847113	0.4602590429719925
LOC101928443	0.26865664078283236	0.7295749844511449	0.16911372444122688	0.42847247959878965
LOC101928674	-0.5269180170805027	-0.9789536046386045	1.8232486984543168	0.4043942352600446
LOC101928682	0.19264300362964978	1.0471975511965976	0.09632150181482485	0.3999376160421707
LOC101928739	-0.9606248688301886	-0.9487679874605618	0.947550013032061	0.6953848275065639
LOC101928794	0.41122471437548913	1.5327708142460317	1.3287319218651936	0.41796084512658016
LOC101928796	0.17348999295238784	-0.3414981630184916	1.9087490987947047	0.3956840396192166
LOC101928865	0.23739474684694334	-0.19144826606988324	0.3333401366410895	0.46503606302315137
LOC101929128	0.2176388964329688	2.0056677666283353	4.334093494198122	0.4357338391850446
LOC101929224	-0.594095961946052	0.1503494494601048	1.1364225829510721	0.4951612405511254
LOC101929331	-0.32928536290881405	-0.2659113177963709	0.5014861705632546	0.5643344109606844
LOC101929337	-0.1573788043644655	0.7979537307409807	0.1969541731146508	0.48668668788547975
LOC101929524	0.25868416915818737	1.5884144887802967	0.49333297342453325	0.7552554097042348
LOC101929592	0.4939269150742788	1.1819815417485195	0.3260650309331409	0.3783959895874953
LOC101929679	0.29611552242796185	1.5030879615493293	0.480216325621938	0.43598879522268297
LOC101929715	0.4426107027082937	-1.804258543646451	0.7407358523386235	0.42687941523690887
LOC102546294	-0.18406333586021156	-0.691224644841729	0.24612659633453285	0.46297889304048623
LOC102723582	0.313915173305421	1.3619934666568045	0.2556389426098668	0.6719216829496862
LOC102723729	0.3396857124294414	0.42014295863907847	2.64891607768166	0.36079071536017904
LOC102724301	0.39045080954364936	-0.175241925140376	2.790985103459255	0.37285743993714615
LOC102724776	0.5120023452152201	1.5026107717791144	2.0300505202642922	0.35077194159946623
LOC105372795	0.16093350357277716	-1.7502520606710894	0.17321895237094717	0.37555722411060566
LOC105374729	0.2043775993856759	1.0471975453946079	0.10218879891673574	0.3687505502428595
LOC105447645	-0.20439962919978324	-0.8227388652436489	0.8362131049851147	0.41799551185341355
LOC106699570	0.19220391148087315	1.9593669774974385	0.2826997246953916	0.5665434541755123
LOC151121	0.22155107327032506	0.9910249342693559	0.4305035171561121	0.4194578955093389
LOC202181	0.19854239169762025	0.3332212710956027	0.8034772644191616	0.44607057160088504
LOC255654	0.24704551547339335	-0.9567398954531415	0.17850279376403808	0.36042557827859867
LOC285629	0.197271813833246	1.265168095941852	0.5080581030472834	0.3687889775795411
LOC339059	0.1594527735809793	-0.07081785418857502	0.37727209028819914	0.4143703650058608
LOC388780	-0.3300067820080529	0.1994750419144239	0.9168010759818122	0.5723115611336365
LOC400684	0.3457150528934081	-1.3654307570338469	0.3887060389252203	0.49687119792691403
LOC400706	0.15451026767998022	1.9820794844712595	2.27272070233889	0.3999744576551154
LOC401052	-0.20158082835339566	0.3485928455199743	1.5301571855186027	0.37942829612337414
LOC440028	-0.21083352041987977	-0.4215354388094925	0.9681084748894061	0.37362296763681535
LOC441155	0.1545650632624332	-0.9816340461093426	1.4042092019922698	0.39591799544370987
LOC645166	0.2271275035241561	1.3929491057902235	1.973648933234849	0.36912974070676763
LOC645513	0.191254537046535	1.2089905786231627	2.057896590139307	0.5703613882989043
LOC653160	0.23432250062056972	1.8811870639192998	1.0333596395877203	0.6736508602015359
LOC729083	-0.47737090727961123	-0.5863440791857464	1.510164402318898	0.48066389576928104
LOC729739	0.4258692256875808	-1.5679003500584416	0.8011203990008909	0.38690781387310125
LPAR2	0.21211582199016057	-0.4543923425569281	1.5909971541489005	0.3839186708452741
LRP1-AS	-0.5230278884072693	-0.9475459310724356	1.7597433335157808	0.6185339978758306
LRRC37BP1	0.15818206079648758	-0.30558630813282966	3.1317457232953294	0.5507576841759704
LRRC45	0.18976490752944156	1.9460193159172563	3.11995259924801	0.5548295802505013
LRRC71	0.22492918077159413	-0.6442745306188911	0.3130700763396954	0.4420101599074674
LRRC75A	0.23090561114353683	1.606727116615444	1.3756115353640128	0.5419024638382304
LRRC75B	0.20576258832688496	1.845587799611616	2.119283444273211	0.5821598269603236
LSAMP-AS1	-0.3108116017712541	-0.31811359520453003	2.1398475258611196	0.3684250820332361
LSP1,MIR7847	-1.6557003864447637	0.058049038523308116	3.9381916889134105	0.428038140227061
LTB4R,LTB4R2	0.2097633200592015	1.1533383191545092	3.0050993536271178	0.5445479894111003
LURAP1	-0.1960486859474878	-0.4369389111207296	2.54232534500811	0.39327961756939633
LYG2	0.3852037965662216	-0.46196360684626364	0.34608384645346535	0.5974776998632184
MAFF	-0.20825629031171905	0.6286665129774625	4.435168316686639	0.4476166759003197
MAGEA10,MAGEA10-MAGEA5,MAGEA5	0.1670712044094664	0.3441043775543821	2.8582820401832723	0.4568667113784789
MAGEC2	-0.2070503193520774	0.2036454766419481	2.3320611496965356	0.38481196940263473
MAGIX	0.24316300201283148	0.2541398288845794	0.6927648760924946	0.5808060648867972
MAP1LC3B2	0.1939806521386641	0.14247765612623978	1.5786382859427552	0.5295828681016994
MAP6D1	0.2066928118033414	-0.6232766383806981	1.694526975540479	0.5328893797850482
MAPK9	0.15979760272353297	0.8451595239130772	3.9964316511773745	0.36517678882168003
MARCH10	0.21364526241452939	1.7244414799025778	0.6689296572067214	0.4958984951759068
MAT1A	-0.16732264801581187	0.977846265612467	0.28585855339782673	0.49806187774538213
MCF2L-AS1	-0.3469518008977545	0.4439727115244495	2.0408261789055118	0.3549782893738537
MCOLN2	0.16938392238932162	1.1074427179708235	1.6976971649059793	0.6147408596389119
MDFI	-0.15906843441743784	-0.8305204799906774	6.344772793548702	0.4337481107762212
MEIG1	0.23811120562476357	1.5418785749237693	0.17833535150478574	0.38691382647602746
MEIS1-AS2	-0.22431282935603752	-0.4495067612008866	0.12915176067023373	0.3779788896712911
MELK	0.16062732120206516	0.21157191270290762	5.436845807404857	0.4951047320425903
METRN	-0.27030578661451005	0.20693437939722245	4.639690722892799	0.48209272034690065
METTL7B	-0.511872649556248	0.8367152195007894	3.93443953298777	0.59127837997066
MID1IP1-AS1	-0.4407043477838304	-0.40344840914498686	1.8752418103096635	0.37341799548242915
MIR1248,SNORA81	1.9296060324457067	0.35309361157651614	5.257214478850647	0.42896023776712744
MIR1273G	2.1980232518181215	1.0471975511965974	1.0990116259090605	0.3975249498187551
MIR1281	5.62204399486589	1.348323770062038	6.588046870898793	0.361515671070736
MIR3653	2.919108983729031	-1.8817851115069053	2.7374430734218005	0.3983638077759081
MIR378I	-4.29155443082026	-1.06128153351944	2.9341929435757907	0.5297360147134833
MIR4285	-2.635178692692955	1.0471975544338354	1.3175893642131085	0.3953032526789264
MIR4426	-4.172281883657027	0.7276300833062501	2.3589026719106285	0.5175422103566314
MIR4458,MIR4458HG	-0.20712156554469868	0.01862130930145502	2.401618432570068	0.6390609312844845
MIR4492	-2.7872956067898245	1.0471975869326573	1.3936477959443372	0.3957867627539744
MIR4721,TUFM	0.9997509218892451	1.9442286670194286	7.503790630502969	0.5424243876771959
MIR4784	-3.0671292141542073	-1.0884124077991624	7.131154937423551	0.45290808973912555
MIR5006,VWA8	-1.3243593566700014	1.0829133166307277	3.1539923440472557	0.3950908695818741
MIR5187,TOMM40L	-0.15915471911413845	-0.9537171886058564	2.8818698934975555	0.6464550879787747
MIR548XHG	-0.3877780222408292	0.7471274174189888	1.680482283402028	0.5757556391310237
MIR644A	2.3333104073115862	1.047197553229412	1.1666552036557927	0.39779069602637673
MIR6516,SCARNA16	-1.9427972740905253	-0.18131605278695379	3.93654787608471	0.4377235111738724
MIR6720	-2.9028993163783188	-0.4004746687518129	3.8996398424078493	0.38018057305155606
MIR6758	-4.453629734822203	0.2656536151018543	6.219292421092174	0.3546340698864958
MKI67	0.16595619688567148	0.3331805619169524	4.8568272186300145	0.46307884850185466
MKX	-0.2656336234116674	1.0508989979826915	1.1843362148795438	0.4524724773929216
MMACHC	-0.1676202538648667	0.952071592171537	3.2843434422186335	0.5350547974553077
MRPL54	-0.17612424705711868	0.03802842263877386	5.213645768726205	0.4540982264604009
MRPS6,SLC5A3	-0.16125790668499443	1.008606866728904	7.1877759193557	0.403094018031826
MRS2	0.2225281060367312	1.1147288953610168	2.748291163511276	0.498217539751421
MSI2	-0.24629490653471064	0.8561770681695234	4.689349884719908	0.4626991006325015
MSRA	0.23649931870609675	1.9827964605183122	2.878528796360747	0.3990287076722957
MT1JP	0.602934786438671	0.4508708079699695	0.3471843435226234	0.6858130341194983
MT1X	-0.24839229906471996	-0.177812327887302	5.4412752212518525	0.3547868144780021
MTHFD2L	-0.2397024965732937	0.9302684855452982	1.7841143782192737	0.4022987778997039
MTSS1	-0.16484273441625283	0.2336895795805087	0.932341066119035	0.4800358305759761
MVK	0.26892209388349436	0.28817739707193446	3.2221206352074647	0.4435365266481437
MYC	-0.23866497257757188	0.8864433338495983	5.497357296672433	0.5381985614524917
MYL5	-0.554441360672378	-0.29030303235039184	1.329036278763951	0.5996188613459176
MYLPF	-0.19281637360431841	-0.07353400198626513	0.127667955358495	0.5631669497273836
MYO16-AS1	-0.16367890205773902	-3.0344969861085514e-09	0.08183945048476575	0.3999820481612566
MYO1F	-0.18102867446546128	0.11712346918521936	0.5403278617333829	0.5471399759371307
MYO7B	0.18696075535429088	0.20530986230668397	0.46379999039192366	0.38276333636266247
MZB1	0.1569067618811344	1.3473535819935236	0.08833812197545089	0.4846081677344176
NAAA	0.17158114286369855	1.0819159782665586	1.0790929672658842	0.4847504612129325
NABP2	0.1657812938439473	0.24788407480729022	4.917909003037119	0.41030198633047776
NANOS1	-0.2253894890950854	-0.05978993036030607	1.2756669411265202	0.42894573912007394
NAP1L3	0.15473739661043462	1.6054230570352293	3.6471362742336524	0.7282643491665801
NAP1L5	0.27710504558977606	-1.7977010045887127	1.6072721560841212	0.405400608664906
NBPF25P	0.21837014972050994	0.21602346316015758	0.7572341084357392	0.6068617283551746
NBPF4	0.20345023941446141	-0.3348262642345039	0.39621251638541233	0.6091913089464893
NBPF7	-0.2505885018589277	-0.5885136546398116	1.234787576716158	0.3646221385011872
NCAPD2	0.16584029628173985	0.44622633930047445	5.833890978501163	0.4845425199805822
NCAPG	0.17606006207421834	0.1584305595093185	3.8502195835496025	0.48340064664401283
NCAPG2	0.16655141344625193	0.40339391957057685	4.291052761148055	0.5143702858253432
NDC1	0.17140346639519713	0.2975765815816345	3.7070140238225915	0.5272752209020355
NDUFV2-AS1	0.368096854274376	0.7302754059225863	1.7642219238485473	0.39559979496853526
NEIL1	-0.20227448069096005	-0.848017340351231	1.977117430752677	0.39306926093062167
NEIL3	0.1931131776072882	1.9458932635890152	2.211731414623235	0.434674851909146
NEK2	0.15444402962826856	0.1810393031921594	5.066763480243898	0.4162071225274335
NEURL1B	0.1608590580163094	0.654509773647711	3.2993699294703953	0.4024513097490314
NFE4	0.17816766472136034	-1.4463855388883684	5.0673451525774915	0.5653744232118348
NFIA-AS2	0.5351066073976125	1.4603939580969274	0.7198923552097454	0.6411007958859944
NFIL3	-0.20474297595884122	-0.7192682723241979	3.4568298560365225	0.38190538658973183
NKG7	-0.30024551108686415	-0.5365911392839002	0.26542062462055455	0.582240613145357
NKX3-2	0.2459508058569743	1.820891865718094	2.7056016816842487	0.5667713902655822
NKX6-1	-0.25055479988578505	-0.25567112038031586	1.6619919629849322	0.3944765278854827
NME9	-0.17966023974972486	0.09587635912560598	0.433171307262016	0.379139471590935
NPAS2	-0.3055661770946972	0.3330780814790221	4.892924631412695	0.5482288839718656
NPY1R	0.23171686457137375	0.4977523231096082	1.020220176375074	0.46755213749376434
NR1D1	0.4302117258389683	-1.3885515720311916	4.069455108612983	0.7391284540813166
NR1D2	0.3642388651774335	-0.641927528399027	4.421062996013989	0.7274042808605273
NR1H3	-0.18853609099090898	-1.0855910317596043	2.6720091166616604	0.47656363670690394
NRDE2	0.18962416499629056	-0.3260828820185433	1.9439050355055338	0.44032866293854034
NREP	0.2090418511021269	1.7738713862794186	4.952701579545173	0.47721423904630067
NRG3	0.18934413032566416	0.5614269449937487	1.392651393135786	0.3980359911129373
NRG4	0.2846559743381151	-0.8240127942352268	0.7535356091792893	0.46220408424061366
NRN1	-0.31375114923633796	-0.34463355797919115	1.5914447111772099	0.37659066893892146
NSUN6	-0.1587385137726046	0.6366214316655034	2.696246516832778	0.3559638494247487
NTN4	-0.27234633724505264	0.5983730877126056	3.019771859091093	0.6627163838543468
NTRK1	0.17216417023623676	-1.8300320246617428	0.7099154176483751	0.390431721564271
NUDT14	-0.2559696441489243	-0.6102200784358863	3.404636810093408	0.5914596026945167
NUDT15	0.15238759693126694	0.6999501577855973	3.962143479746995	0.4632667095646642
NUDT2	0.1749241273650141	-0.8134823621245065	4.459851131825587	0.37170089622190816
NUDT6	0.1786029071011025	1.5508039130478382	2.686345495804541	0.5527216515569222
NUSAP1	0.1882336717098665	0.23437491581871478	5.6637879414902015	0.43771997597136847
NXF3	-0.16886331296957965	0.4360324647379547	0.2795100755986504	0.5402289450037827
NXT2	0.1563436281269791	-1.9113324009137207	2.558451162532245	0.38966451996592744
OAF	-0.15039964640237644	0.9378513369324702	3.9378539291342682	0.3566096279364005
OLFML2A	-0.22576476741947107	-0.1475335258042348	1.2737495741040712	0.39761837963595925
OMP	-0.41202538405378675	-0.9267354981645709	0.3189941701976961	0.48468189662661565
OR10AD1	0.3044570204804793	1.680330218122879	0.43200669651423684	0.49161491506604704
OR1C1	0.26641448714833127	0.8090615185854801	0.2325308057179085	0.45289158775320304
OR2W3	0.413714713113186	-0.35975890824661305	1.6065274310137407	0.46220309571178053
OR3A1	0.24531364005388048	-1.3865153763872975	0.7643841999224772	0.4456143624535386
OR51I1	-0.2318126506561304	-0.6488671962792057	0.14891288622977744	0.4299807618890322
OR6C70	0.17405597160409136	-1.6127041791603944	0.2557662339965295	0.5009923479147518
OR7E47P	-0.17101342001556383	0.09743242503413649	0.18986988378783556	0.4513010521570199
ORC3	0.16545705101620353	0.6728857431630385	3.5098536498305535	0.6749454133287063
OSBPL1A	0.17811651551595942	-0.1789554361089245	2.613135305308818	0.48435404368034496
OSER1-AS1	-0.22889592038418402	-0.3971540189336244	2.7430664685724286	0.37934207065332703
OSMR-AS1	-0.4926472850306867	-0.06988334815382634	0.6609865094199772	0.47763211314918563
OTOP1	-0.21433239297352003	0.19161031452361307	0.2655518396842529	0.533858438867552
P4HA2-AS1	-0.4243187278774238	-0.6282132980417386	1.5799199964565485	0.35738941490608245
P4HTM	-0.1834778249442122	0.11543748608746612	3.099856733676391	0.4799039997132428
PABPC3	0.22846058852171847	-1.517323407521857	0.6158528796051046	0.6437998407028349
PABPC5-AS1	0.7802392148216559	-1.0261534373818348	0.7087879489901744	0.5830138991811017
PAOX	0.16604351331122114	-1.6940382146440398	2.2046070055557845	0.40497843572532255
PAQR8	0.15879221608046176	-1.3337519386571843	1.3409045115472886	0.4509640402481653
PAXBP1-AS1	-0.3010935275788664	-0.24575676216612774	1.3550027540452687	0.81064368511453
PBK	0.20923732211008275	0.5320934183354856	5.434225388240021	0.4650756539152402
PBOV1	0.21432710299099675	-0.2664968301580559	0.5022998694379911	0.4463834757045746
PCDH7	-0.16572030815735328	0.7480761920220261	2.3510750586034725	0.6030284712306726
PCDH9	0.16657929673804384	0.7088017186928166	0.9294526534479609	0.4427028108678306
PCDHB14	-0.17759241414203425	-0.8694153161804207	1.988982887341965	0.5228840404075238
PCDHB15	-0.2428461481564653	-0.043672395667602816	3.230027844322491	0.6780081523448385
PCDHB16	-0.20512351180665786	0.7036500640245261	1.4660541828602012	0.6574159164416842
PCDHB8	0.17499693882751638	1.9234451591579522	1.9725964734370471	0.35934861414822816
PCP4	0.361079911468283	-1.553676380922374	0.24871432502074264	0.45261712879510696
PCSK4	0.16549855946891467	1.543985907232626	1.3592589358334453	0.37787511244516236
PDCL3P4	0.229235346799369	-0.44581843970296026	0.44837923858653433	0.5374738218752764
PDGFA	0.1781126053663845	-2.033593892140187	4.351304561508827	0.533835549989156
PDGFRL	-0.18851884232648425	0.7402451165577086	2.741611352483353	0.3734497143272566
PDK1	0.17589964330842636	-0.90194212158468	1.7534648044198076	0.5554035067988252
PDK3	0.290123116311364	0.8288496795363605	2.112655785719309	0.5171596605408182
PDLIM1	0.27141683942033223	-0.09082750943726683	1.4569746163228845	0.35846838692079175
PDSS2	0.19649971556136722	1.8772353648166753	2.336279573645619	0.5840946094357008
PER1	0.2521876320458283	-0.6074977528400439	4.005190796649449	0.4883531054138336
PER3	0.38893598530594636	0.05024084491615235	3.6404658169926076	0.7925123494838194
PHF11	-0.2632280189176787	0.9325291404309797	1.885556978465443	0.5332938007487132
PHKA2	0.15268905179793246	-1.8889575741196603	2.6393366461317367	0.47946997819985826
PHOSPHO1	0.18053670125112897	-1.8085749106915934	0.8186546361237774	0.42092458508526864
PHYKPL	-0.18752831195196237	0.26259602376628377	3.100987086406087	0.5527845705472384
PIF1	0.1803126354529745	-0.3212163029693266	3.6385687703620424	0.38151277984152954
PIGW	0.17391696272002313	-0.08912792947535238	2.827191748951937	0.43713809193188913
PIN4	-0.267095737411359	-0.03183792742252796	4.778133045115807	0.6441067757819906
PIP5K1B	0.20335045094575627	1.1941742102440398	0.3424471854420054	0.4618234960599742
PITRM1-AS1	0.23466777833932737	0.29968875196401146	1.331414356375258	0.7533288124399136
PITX2	-0.21406189128123965	0.7798043222956453	1.307107347261099	0.3532695521481647
PLA2G6	-0.16056986017161845	-0.09234212626207747	2.959336533341552	0.3755820654432316
PLA2R1	-0.1557168763594121	0.014186110840114775	1.6301670137137185	0.4115659753938342
PLAC1	0.20970908881712583	-0.06201447529127303	0.3974698942054904	0.39191436588559014
PLAT	-0.295309525272542	0.5424112383553557	6.554566026124216	0.7882772607646777
PLK1	0.2757363937107601	0.07897708024676749	5.270796076828874	0.4632363239737778
PLK4	0.16751994293118586	-0.18025461362421027	3.3774921791605106	0.4846384605504003
PLPP3	-0.164586419573282	0.9427572730008655	2.7466181416375988	0.5048009697349033
PMS2P5	0.24810917924582604	1.1773814368716506	2.087672154128472	0.4156182242935612
PNCK	-0.20684585730801888	0.8403446233262211	0.6286690365007221	0.36721945343111884
POLA2	0.15742797177998605	1.8221330391511945	3.014522291325448	0.42857621844104676
POLR2A	0.15366472163327405	0.3450372481117852	4.7998683778390685	0.5017595019726862
POLR2J2,UPK3BL	0.2636035490726667	0.9350392326524738	3.257478836112076	0.5829579548373116
POLR3G	0.18662521035716662	-0.5369306790277808	2.6025633892475915	0.4638729280747206
PON3	0.20729431158151915	0.3637990245782572	0.26442419915718524	0.416349246542852
POTEG	-0.2895481024810876	-0.8099584530419482	0.7285203843438544	0.49647065216875264
POTEKP	0.6581779505632857	-0.5727704877476331	1.0199630503910768	0.7356123192193414
POU3F3	0.1649543643944423	1.5133360268404183	3.0560723251471535	0.8057763254763285
PPARGC1A	-0.1595501929117299	-0.02387370569157035	0.4459964821563941	0.35302759824412566
PPCDC	-0.2961755053391874	0.766644883986909	1.836043117786995	0.5499754009183885
PPM1N	-0.2803023374961857	0.3496722611111268	1.1899111957345074	0.3724363683011287
PPP1R1A	0.22108884739135878	-1.592396675286394	1.0742652861126938	0.3941778729223173
PPP1R32	-0.21761001395040783	0.05768103797251941	0.7717537193721283	0.5616947765013028
PPP4R1-AS1	-0.535296874573689	0.3784014667828595	0.5494966306297467	0.8528833494022311
PRC1	0.17525169467120494	0.4574345032206318	5.445529479007486	0.5045956391495534
PRC1-AS1	0.3255887194477959	0.5780564020186604	2.887934662306611	0.5439726751050756
PRDM11	0.1739677280017904	0.018326036440351072	1.459711160710354	0.5191626382213936
PRDM8	0.16660522109319573	-1.6167192814096967	1.6579763766693014	0.39287899954560823
PRELID3A	0.25763205871403677	1.8917083813363407	2.152032285286137	0.35009543229540174
PRKACB	0.16212798424096272	1.8017376681548951	3.476249666802226	0.6130905892609992
PRORY	0.275283750571442	0.9899175487556895	0.26983365586185076	0.3717760904685574
PRR11	0.1859583368724821	0.5940247967962282	5.106499062108619	0.4292011879501765
PRRT2	0.2889785479669557	1.077953671110885	2.6637853500227	0.4694981883267577
PRRX1	0.17739948845261028	-1.0826090410114717	1.2821771866634657	0.42609039223136935
PRSS33	-0.16172436554571545	-0.5737362779608941	0.17363155680217876	0.3781509943728296
PTCSC3	-0.30179240129737567	-0.81721783570852	2.101193924744206	0.3515649945060466
PTPRCAP	-0.44572077340234517	-0.14045077450857185	1.5747708201183714	0.4645813395270012
PTPRH	-0.2436820905213981	0.4251465056886124	1.683412858874692	0.4676147436025372
PTTG1	0.2559919592409094	0.5372575297267828	6.9041358831962185	0.5910774774763936
PTX3	-0.2830570698609079	0.24354503791979717	2.081115085202233	0.5090088030818727
PUS3	0.19591075153394408	-0.5626340556715407	2.8974110142467033	0.47599341017148833
RAB6C	-0.21632567304355294	-0.40013808883503343	0.6550993590542717	0.3580294358655244
RABEPK	0.18335929489695577	-1.0410641517353367	3.8649772659445794	0.4773663548455853
RACGAP1	0.17620247107325931	0.2707574471672416	5.208428001930176	0.44552468966748227
RAD21-AS1	0.1712867998971506	0.31524148438637295	2.266236057515452	0.6882576485090182
RAD52	0.2935155656104205	-0.4423158235933697	3.559508494698628	0.5864547303382582
RAD9A	0.2197488112636506	0.32958054571276185	3.1250069593015013	0.8132995632124029
RAP1GAP	0.16361609736161767	0.611977188400412	1.7040808217144694	0.5882917193819532
RARRES1	-0.24494578667447522	-0.7633400777137752	0.1772133469643705	0.3951947103325333
RASAL1	0.1974257319927745	1.9478061713657635	1.5769642887544812	0.3631029561978887
RASGEF1C	0.1871854958711768	-1.161709097088998	2.254095151381659	0.37294587741180363
RASGRP2	-0.18443891460920278	0.46970435366225455	0.2600914932702062	0.6677359623927064
RASL11B	0.22180464363679525	1.462269997351943	1.0900532804405678	0.4217130943044365
RASSF4	-0.17925132228715654	-0.7355637099605185	3.88094628366384	0.5238287995236717
RBL1	0.19294078031499956	0.060306776523710935	2.85856069466628	0.38254861392025985
RBM11	0.21314942106608306	0.7870290910398897	1.7922251785590981	0.5725212598162048
RBMS3-AS1	-0.24089274688982193	0.7556419540454591	0.13535196035535535	0.48626011632628297
RBP5	-0.3287260864410867	-0.77037716575621	1.6932971429838228	0.5567215624244637
RBPMS-AS1	0.3736495431388252	0.9690916330459107	0.38148870493845655	0.534840004061367
RDH12	-0.20526417828940327	0.7219162764863963	0.19109395583944486	0.5216514786333866
REC8	0.3013291125444995	1.3604716467325069	1.4590852830818073	0.74456463610106
REEP1	0.2440968502133685	0.7895190322468735	0.406096973718856	0.5961379914403959
REEP6	-0.24933962208643712	0.3351984719794973	3.9647796459317273	0.6441852085494784
RGAG4	-0.16035206985223657	0.5804388201225664	1.8539294817484424	0.6054464549445322
RIPPLY2	-0.33769920098143785	0.7279458977258516	1.720136543825751	0.3968270030025932
RN7SL2	-0.20363298132486068	-0.43812783119340326	11.061357013003342	0.7129658284941196
RNF122	-0.17590136759027125	-0.5917731029272912	1.5026209294592283	0.3661992222281232
RNF43	-0.29397515105555466	-0.7852616562148802	1.7557710340931947	0.43870841694923823
RNFT2	-0.2286680308192971	-1.0716308299523332	2.6488220032471714	0.3928853447285122
RNLS	0.20966755711586152	-0.4344877854923638	1.795974661226614	0.6713050797478174
RNU11	-2.060491265487442	-0.7593649408323082	2.765391722275423	0.3798392605070289
RNVU1-1	-1.1619853014067838	-4.274589512661913e-09	0.5809926491548644	0.3999964475549841
RNVU1-3	-1.3489472564296243	-2.8970552408912596e-09	0.6744736244895219	0.3933895684534675
ROBO4	-0.2349003606848785	0.6102880855438229	0.8401845938293605	0.6189634405115387
ROCK1P1	-0.22996787326843407	0.2917446341063329	0.2784064808797022	0.6165987792846042
ROGDI	0.19292877205771222	2.038793345507867	4.515020764837493	0.49724631239450834
RPE65	-0.2074248545239116	-0.2939942902888014	0.5626731141879563	0.7274363820963037
RPL13AP3	-0.2897688679570049	-0.09574977453561524	0.8558552639519749	0.42268667823124173
RPL19P12	-0.2208466748258498	-0.12915023950197949	0.26103898708851325	0.5612428996269259
RPL23P8	-0.4914419529703503	0.265185313599281	0.6566711177294485	0.5108155271521404
RPPH1	-0.362704882529048	0.8033181660904968	4.376528359876281	0.5753661419462595
RPS10P7	0.4161504591461086	1.9618636617851162	2.1043443534391066	0.3500028471684762
RTN2	-0.20001674176754097	0.0016257570786211335	4.627162423298103	0.4324253274362331
RTP3	0.16133646766977958	1.9144746081991275	0.11212236545359597	0.46083674646562367
RUNX3	0.20641666931360608	0.5087548312918102	0.7545021507100278	0.6310846901426275
RWDD4	0.15108188317886181	1.5392434402633386	2.7585475516608793	0.4875925174557645
RYR1	-0.15304871785991034	1.0276102283707957	0.9524930022349081	0.6957210809168541
S100A6	-0.18764765262799296	0.26147477938962893	8.359457194551409	0.5048800893369838
SAMD10	-0.21108573519539947	0.875498023071633	2.0716188548943415	0.43015234621446885
SAPCD1-AS1,VWA7	0.2180783435794686	1.8673185500444038	0.7242378645826067	0.40760356260627284
SBK3	-0.4329304561632935	0.8566232980464032	0.8778537022095109	0.465374331059763
SCAND1	-0.1578516655627148	-0.015459671025518762	5.618461230680571	0.43353792234948896
SCARNA14	2.461547472744211	0.9871193667046008	2.3962154531499102	0.5073109803254473
SCARNA15	-2.669042375989715	0.6530179522511494	2.9096934886596415	0.41602240744193175
SCEL-AS1	-0.253095024650831	1.04719754811824	0.12654751568611372	0.36876449548838575
SCG5	0.21972397052670095	-0.5981839842666298	2.05479547041435	0.52677670684637
SCIMP	0.20155607545473206	0.748291770481885	0.80490319562039	0.4643760674538542
SCN2B	-0.19107760971656262	-1.0945560615669052	0.8782079012350795	0.7230433456787522
SCN5A	0.155626240867536	-1.2628603322756202	3.3720620360137983	0.6197810818951093
SDC4	-0.1719253005406931	0.8400419853151698	7.178699369196126	0.6097581351443353
SDHAF1	-0.2350388996443803	0.4731040141571191	4.323904095070983	0.48737685828350497
SDSL	-0.21134183369276593	-0.26326577475357316	3.154140907254626	0.46798635163550384
SEC1P	0.1732111254287961	1.0088007146126898	0.74183827821392	0.6526018472500961
SEMA6A	0.15821129249786198	0.7941570911567027	1.3267027165191205	0.4658015892084447
SEPT6	-0.19690537640207922	-0.7061072992636248	3.2751895440727874	0.7473112109149536
SEPT7-AS1	-0.3886259187061286	0.6681900362258131	0.9201036913143206	0.39128997237243823
SERINC4	-0.22477712367675332	-0.20345853426413837	1.4706943154452494	0.40413711637341376
SERPINI1	0.24280385069217963	0.1863974302016868	1.0459741112868057	0.46172347973165295
SERTAD4	0.1709000410000514	1.5960519894751442	4.3039300083600835	0.6567085402780768
SERTAD4-AS1	-0.2025399250166616	-0.4249777443176511	5.902991439090094	0.5715084326628823
SETD4	0.18545081034177857	-1.9824665855758328	2.6605311947349444	0.39531031651470794
SGOL1-AS1	0.3195964602479718	0.039865567088164834	3.7305518839936327	0.3856533001722555
SGOL2	0.18818937628554186	0.4498823868280922	4.0396830373352595	0.4199070639253475
SGPP2	0.3962080011474224	-1.9813225939347459	1.157834599442061	0.3699118594138108
SH2B2	-0.24460553256077736	0.7504670605015487	1.6959943218364448	0.4429207591037272
SHCBP1	0.15479629070468665	0.8394804959090466	4.079748758938867	0.41201134583470267
SHISA2	-0.2980325773120251	-0.35908272939568686	1.8125328669662324	0.631862099133444
SHISA4	-0.15004990304395818	0.6638121869351004	4.7238100424683775	0.424755865452207
SHMT1	0.160905313470505	0.43389252742507833	3.2521879769032687	0.49570582020635423
SHPK,TRPV1	0.17321892406526845	0.9151185594496636	2.80639668914328	0.4735507453777561
SHROOM2	-0.17165984798595413	0.5037624118697503	2.3659496447826593	0.43239439814582714
SIAH2	0.15244546572768441	-1.39345312118262	3.5004294207291946	0.35978238036398014
SIGIRR	-0.15766179828201957	-0.25290673099933897	2.9889885934683464	0.3746273864269283
SIGLEC15	-0.2581464778151133	-0.3802514689502181	1.2875276921815444	0.8469793582932537
SKA3	0.15276964061375703	-0.13642213493700803	3.332785532933153	0.3507781052738923
SKAP1	0.23458048965126438	-0.13240712757427645	0.4966262659960067	0.3526376430441269
SKP1P2	0.1758093883706703	-1.971346592339214	0.30467113123476874	0.47611214282664804
SLBP	0.15065939397616296	-1.4552762457064004	4.534298074791732	0.6199030327417889
SLC16A3	-0.16968352046208082	-0.1989401841045261	2.279149142412511	0.4650611475919407
SLC22A1	0.24731694047621203	1.0437917716831788	0.270226111109997	0.4524180557606622
SLC22A18AS	-0.19708607614707072	-0.9866187404862302	0.6049824755940125	0.3787451225871963
SLC25A21	0.2630272340691633	-0.5723695547261713	0.6357147741656544	0.4727206406998611
SLC25A29	-0.18851503567976932	-0.060145415127109615	3.6227971157437935	0.5125922229426935
SLC25A46	0.16803663931268856	-0.7313654087672962	3.3356079068425166	0.6907234237667185
SLC26A11	-0.21729172391570298	0.4350262447389512	2.83378108776677	0.46681446124683434
SLC2A12	0.1729863115097782	0.9726854123903377	4.02795831088903	0.718663330191795
SLC34A3	0.18128266393031206	1.083313091022973	0.24128132606840905	0.35588387431516433
SLC43A3	0.16157011953800696	-1.0469263553830195	4.876655371671789	0.5496991009528561
SLC45A1	-0.30231005890638607	-0.45507689355515524	0.8181514151170926	0.5082214191974983
SLC46A3	0.25047963711164406	0.318445983639053	1.6816145157276352	0.41137845758629166
SLC5A2	-0.24472011195686322	0.5907657247058866	0.5611523562874791	0.3529053500640773
SLC7A10	-0.19857790864264713	-0.1960318760269657	3.237034640126642	0.38575838526394635
SLC9B2	0.15183726635981434	-0.7307024002359545	2.7948514019320982	0.35732149246525313
SLCO4A1-AS1	0.30652313572075396	-1.8287479362661871	0.5839160153805054	0.5050520362584974
SMC5-AS1	0.2180992762937373	1.6579285250766664	0.8492202709648754	0.45780710567767224
SMIM1	-0.5461899371876368	0.17577940559423166	2.1399062819296972	0.6559823174221977
SNAR-E	0.79078729665231	-1.7171067967175135	7.323934684404571	0.385942960858322
SNCB	-0.2873435428534002	-0.9934105744795723	2.2887685044145933	0.44043037016827624
SNHG15	0.16410941997090697	-1.0769986429887661	4.547689149481323	0.4470276057619036
SNHG21	-0.4429095570620354	-0.12138193427359499	3.1999555830080175	0.540804405418351
SNORA20	-2.1610068191904297	0.2960870639429871	1.2155065463574057	0.518456745205654
SNORA26	0.765651331410271	0.8763142698515691	6.452276427502331	0.653208110991718
SNORA2B	3.218131112099894	0.25313561635028836	2.241924565218215	0.7286575289687524
SNORA6	0.6471430391983196	-0.01215458338633719	6.605493183456133	0.35403707122305805
SNORA8	-0.7853119994500701	-0.6556527364203242	6.421731746483102	0.4238643483432355
SNORA80A	-1.4535085131352572	-1.0471975348802647	0.7267542565676327	0.39839280020245993
SNORA80E	2.2200146069233613	-1.7646116453222895	1.2577276740755847	0.5087685387723153
SNORD10	-2.429825841871358	-0.45268287237738913	2.2396024361603653	0.569785848983952
SNORD101	5.179847127401373	-1.8675901106702235	3.6596310759115127	0.7117626176397861
SNORD104	-0.3046005781737814	-0.39454065280516715	12.187042718715373	0.4302885179701341
SNORD12	-3.1451294786751687	0.4100430530590337	3.0699345176681856	0.3678159396608933
SNORD12C	-3.621314908507002	-0.7258977928972119	2.0481306364613165	0.5202835819810304
SNORD14D	-3.896077383760144	0.710509857124636	2.9321064065705453	0.4413187421005963
SNORD18C	4.760051634277702	-1.6417677397254	7.774831896757962	0.546186605482222
SNORD23	-3.295498029131049	0.4452084838417819	3.949174725417458	0.47372215113654526
SNORD30	-3.1425329630796015	0.5770389433346118	8.105764994585924	0.3664083700643127
SNORD35A	0.6626038133796505	-1.292545139301289	8.305241548047858	0.37448979547684247
SNORD36A	-1.0054844288864382	-0.48665390390946167	11.162848263269867	0.5582526140362396
SNORD36B	-5.388700422715424	-0.27006791077619574	5.410608965130217	0.6843798556027506
SNORD45A	3.1560296977654403	0.0029383728548783893	7.005769742345339	0.47765568386232526
SNORD48	-2.8784808650342137	0.5005266080856107	7.21609732429806	0.38660257567411094
SNORD4B	-3.7792104540334424	0.6775937506070862	2.156107649275803	0.5088738441959164
SNORD52	3.7787743046203772	1.693213781861424	2.795510095349904	0.4527223721843109
SNORD72	-4.493496121469946	-0.5197266244945309	2.594301749239401	0.7493102034843453
SNORD83A	0.6234709803125558	0.7551623991415145	8.375700304629872	0.4400146190041485
SNORD96A	-3.338508313729501	0.5131546631667013	8.528234421513233	0.372108456281248
SNRPN,SNURF	-0.15599779761937055	0.4982057245012368	7.649687877128102	0.5484440898006335
SNTB1	-0.19069092936289164	-0.046755698736624385	0.8578659206159455	0.4585468811705774
SNUPN	-0.15474417893969047	-0.7176938395520063	4.095641728179029	0.5481929403529477
SNX20	0.21029589813953334	1.1839638027335226	0.16628946906242986	0.4550382095054756
SOD2	-0.16761007137194137	1.1248658516648569	6.6321656549817165	0.35666846384414785
SOX8	-0.19340613751902963	0.8079868213209701	1.4407439787122958	0.6327981802573741
SP110	0.15912523493048544	-1.5671130133559477	3.917099769949422	0.4337342075152414
SPACA4	-0.40439315073215976	0.7499664872199441	0.5856217643439342	0.47912393147518706
SPACA6	0.20484145859432168	1.4719840387018173	2.836002212961513	0.42763338164272946
SPAG5	0.1959952361608621	0.570489171290824	4.795417099440911	0.38646205299733494
SPANXB1	0.2091624843491905	-0.3488082512102025	4.365675651017863	0.3502239425556638
SPAST	0.15053878069867377	0.4175839334339579	3.478096511296032	0.416320723357834
SPATA13	0.15567746743595726	0.34698899304534486	1.5968437807087836	0.5609781601947279
SPATA25	-0.5064973324971113	0.18663029632894323	0.9918073090793992	0.45521051396155954
SPATC1L	-0.15422688565253523	-0.07771612560494812	2.7718539157004747	0.4113780788809509
SPDYE5	0.2271661656158455	1.695228701389622	0.6861736153640923	0.4532254216099445
SPIN2B	0.24831459744741544	0.07658735011359992	2.2678254147527777	0.46385867530096947
SPINK5	-0.3328490788387047	-0.959868211029373	1.3496460469811544	0.41870781958289316
SPNS2	0.17277033254475868	1.7807263477185824	0.735564811869336	0.44031922595564965
SPOCK2	-0.1580396356323869	-0.12152810654714237	0.5169612223420021	0.5067582078361643
SPPL2A	0.15443712520145514	-0.5034611130329951	4.3766718885344424	0.5939545481533837
SPTLC3	0.16160324642849144	1.9952173450399755	1.43647423533821	0.40650480709270087
SRGN	-0.28947900717165953	0.6985945490886577	1.464981547033249	0.603037292464343
SRPK3	0.17913672799684324	1.881422500744807	0.4770599119798118	0.4562335338968968
SSTR5-AS1	0.19341469415369478	-1.2340332192389576	0.3648516763648117	0.43850183522842223
STARD6	0.1578573339830999	1.771352585405702	0.08931217684003355	0.5082491384145035
STC1	0.1544365966171846	-1.2191729650085972	0.15536613471094096	0.728146735734917
STK31	0.16403415929883858	0.5963354258489548	0.37124271276154086	0.4088460703574106
STX8	-0.19012584405005417	0.767507644994903	5.259270896038809	0.3850230565256031
SUMO1P3	0.22043548149145803	0.9646535604459072	0.1717761113292509	0.4597207115616273
SUMO4	0.40320765919221724	0.5014761312476678	1.019839420207605	0.41476395674787714
SUSD4	-0.40082809371910316	0.5814761840494905	2.061813842764651	0.5338259318317831
SUV39H2	0.16084539406489765	0.1773899957341863	3.9286352604853207	0.539490462053526
SYT12	-0.1520993965347005	0.6249849208556989	4.5697612546642	0.39962945755336976
TAF1A	0.15209978503760496	-0.6741259348485009	3.203034300526339	0.43885759352461073
TAF9B	0.1504204569789529	0.6099699635748065	4.324954172291291	0.47016511637991043
TAS2R10	0.17421418146166975	0.7799404250523346	0.21073127868306493	0.45088383197221815
TBC1D29	0.19129806963050275	-1.7989482370903738	0.10758390101141492	0.483845507081445
TBX10	-0.3339447780808831	-0.9265525278386451	0.6377008171311305	0.4027469115391764
TCEA3	0.1856699293813011	-1.8516200007965409	0.4551999742612208	0.3813886860073268
TCEAL1	0.16475329538949166	-1.3787172062046522	3.302990158589035	0.48547612373132365
TCF15	0.3827305004836185	-1.9891699267538248	1.0574188277458487	0.6307438416756245
TCF7L1	-0.16782733499170668	-0.7910406343234433	2.483338964488348	0.42089532691594334
TCP11	-0.31400881462045216	-0.16430478924167785	0.46836408598955825	0.7445576701755946
TEF	0.4417041635993369	-0.1017001988513299	3.5844044766801044	0.7802436791371496
TEKT4	0.16715504035123885	1.7151223240817381	2.1003349036048395	0.4328530612515935
TESC	-0.33933131939672284	0.0656479825376222	1.4172541395523137	0.5230200787866275
TEX30	0.17432012590469653	-0.2917084595734082	3.2446891527029083	0.4623288614422095
TEX9	0.19871490952764584	0.3661224741919078	2.7092812401537167	0.668017602948985
TFAP4	0.18686593600661747	-1.5250838112952103	3.7104463505976257	0.42802925479496967
TGM1	0.2588613862795918	-0.11981324338078882	0.8047938933646747	0.5286903211516109
TGM2	0.2632189237398332	-1.722714528955273	4.3066774836140125	0.6522622889801869
THAP3	-0.24185541404005176	0.12851153828583103	2.728020655137451	0.4668243085041959
THAP8	-0.26609445863394554	-0.5891706380421818	2.20427890894994	0.4342693990283367
THNSL2	-0.2463554206436886	0.4907564644082636	2.0031767405997	0.3811815161482657
THSD1	-0.2430058818379656	0.832821536358863	1.3874554567282582	0.44667774902331037
THYN1	0.17687771842573635	-1.7706554454057382	5.255071234777507	0.36807904840576533
TIAM1	-0.16383266638947924	0.813916450914116	4.120015022625015	0.43996198626682126
TIGD2	0.19181125041449912	1.0356414726065961	3.146582217366085	0.4158933310307903
TIGD3	-0.24986697382747436	-0.6881702428753594	0.8714958210385032	0.5432798779627581
TJP3	-0.18711914900937743	0.03194479819978633	1.0043342478412471	0.43312919726794685
TLE6	-0.3749631957581109	0.8523706969360199	1.178701494311586	0.4688418959311398
TLR8-AS1	0.24246603404921827	-1.4599074848709457	1.5092587979890713	0.4778115737990297
TLX1NB	-0.17910269377487378	0.1734540746822474	0.1607261139864094	0.5112683349974523
TMCO6	0.22118034412292556	-1.0294639127990723	2.5371155166173462	0.37873879485444717
TMEM100	0.2669340794278428	1.4036796980537285	0.4186484207827178	0.48983795311970035
TMEM133	0.24777347598659513	0.8173301398905501	0.8644043187471111	0.3974416783951704
TMEM141	-0.17209044417849728	0.4421995112935785	5.603651644718758	0.4054339667698723
TMEM150A	0.2374231861631981	-1.5697686001137419	3.255913125309527	0.5635305915728493
TMEM170B	0.1790426234177365	0.9990485830210258	1.7119163148326064	0.4485260199568172
TMEM18	0.16792526242473768	0.0576972226889721	3.708611186617586	0.4735940690160979
TMEM182	0.19161535963997484	-0.43516382742794746	1.414486392537662	0.6020843881615083
TMEM229B	0.19924629791239204	0.01442367825647541	0.4336845389510792	0.5052133874365377
TMEM262	-0.42993177096987845	0.4831550287331533	0.24801824320977156	0.6764087199963817
TMEM52	0.43311194897060734	1.3778883395265322	1.0500324502466085	0.5434761166903707
TMEM53	-0.17358289632785842	0.4823775403160007	2.713043023354798	0.38122027997424734
TMEM81	-0.20492450437192694	-0.6966934452054238	1.1993885752844815	0.4987803093138983
TMEM97	0.21080790932109583	0.7356339064610304	4.46321254236787	0.39122609553710674
TMEM9B-AS1	0.35434315147528544	1.6054685247824572	1.4021424623257162	0.5129611758528655
TMPRSS5	0.20107917446004195	-1.365074951093085	0.4616709081716502	0.47678570823725064
TNFRSF17	0.28903849469520915	-1.8053817546109976	0.3144776977827609	0.5970707525863204
TNFRSF19	0.22384368040832434	-0.8923875500641482	0.44016615602742426	0.3998737172469665
TNFRSF21	-0.16433570282001522	1.0810327324294333	3.9095970621201968	0.49667666038232716
TNIK	0.16547875009139518	1.9985100367094917	2.7702638135170874	0.37728542410822874
TNKS2-AS1	0.5688386385749562	1.4826901600330418	1.5741974691302663	0.39321588501694715
TNNI2	0.43816395215046994	1.2131481865487803	0.6318184173963768	0.48231278055155213
TNNI3	0.4497717907646771	0.765700476497954	1.1442660329239527	0.5743833784032846
TNPO2	0.16647909730540583	0.29215990290881977	3.7371766435855167	0.5377163485155815
TNS4	-0.17455839139391083	-0.25969890987463445	0.38331168234120394	0.4003550037646627
TOMM20L	0.3240032201575729	-1.598416352685588	0.2648209956957142	0.6158743830006042
TP53TG3D	0.16776625726025376	-0.4155796935439969	0.8141979932827653	0.42543452330975573
TP53TG5	0.270838332864829	1.9357694961215441	0.8248895082456381	0.35185300977970535
TPRG1-AS1	-0.31971433959482015	-0.5807361120892468	2.140836264634095	0.36810835794097474
TPRG1L	-0.2137756804204762	0.6363332413335462	3.6396784963330555	0.5739931194530803
TPTE2P6	0.22813651828115467	1.4839289076239188	0.9913815267278276	0.3854479778132881
TPX2	0.17032110741851378	0.2899543480433297	6.39956500304854	0.37328586021503274
TRABD2A	0.1810903132307868	1.9480019466764016	0.6751219841921873	0.4726818786598538
TRABD2B	-0.20782181805359812	0.6905272306693725	1.6866980429249798	0.674360176390219
TRADD	-0.1510561371300024	-0.21689920518539985	4.083034773728219	0.44933063494180114
TRAF3IP2	-0.22993364661119203	0.11079754617228078	2.3604514624258015	0.5729922145658162
TRAM2-AS1	0.1678897460967173	1.5484037882519774	2.3546985405734984	0.3578925985927853
TRAPPC6A	-0.26227186505955935	0.24626433251148377	4.193273626795977	0.36501178128143885
TREH	-0.2885409062777535	-1.003006805614605	0.3790291091488197	0.45596205962593805
TRHDE-AS1	0.1609839498611898	-0.9919761050562887	1.2597167635984883	0.4543761932131154
TRIM54	0.2062569589583006	1.17663922823337	0.23497512795788272	0.44159927142268995
TRMT13	0.152536009982128	-0.6436976369967685	2.8228278029661418	0.4411053174179269
TRPC3	0.1548135333414701	0.2365602241938046	0.5459127072062049	0.41673370810444765
TRPV3	-0.18802805230863934	0.8669084811871707	0.47731833794141093	0.648802460140429
TSNAXIP1	-0.17989663622648053	-0.25129445562607794	0.8842637123318519	0.48414373814384126
TSPAN15	-0.15703889820789643	-0.974329638052583	0.197526277124018	0.5012313965076723
TSPAN19	-0.3683805811133308	0.28102234412599963	0.7164346221498655	0.3533099194809234
TSPAN33	-0.15512142044980157	0.031962203243284415	2.024616354770359	0.42970768181586716
TTC21B-AS1	-0.2647412890151793	0.048383359615561145	0.36329131403993403	0.36935409781639483
TTC8	-0.1556024891228155	-0.6451379296634686	3.4382499662338244	0.4250588924054267
TTLL11	0.19161722715311383	0.25260555042827637	0.799765077080475	0.5729212921127522
TTLL7	-0.15975589967824028	-1.0711058432335294	1.5883774310449914	0.36349320896678183
TTYH2	-0.15683331541804485	-0.2830825464508319	1.6021935633993167	0.48095862223607766
TUBB4B	0.18952447642148842	0.2938011751359753	8.148406170253514	0.3642520676912959
TXNDC16	0.16015594451069212	-0.9287538177784526	1.7609880027356426	0.4227449645665371
TYRP1	0.15594962142953905	-1.8557596122684863	0.138135385885105	0.6169298968595277
UAP1L1	-0.15102212793063052	-0.874583358333279	3.2801923421572465	0.3601437481762655
UBE2DNL	-0.15574195715406297	-5.81894018576434e-09	0.07787097819249712	0.36490566720572626
UBE2L6	-0.16255659932679598	0.4327725542555624	5.475245413104779	0.39274512064144307
UBE2Q2L	0.6001473695776364	-1.575544554872306	1.7644964462948625	0.668879741260376
UBE2Q2P2	0.2714914692175038	-0.17526521750415505	1.7215747494843119	0.4403073850791305
UBE3D	-0.24647611350749835	-0.04689866476330114	1.851753373714675	0.3663962554691782
UBQLNL	-0.17653341812811324	0.27014595494871946	0.2252083111893485	0.41708685908576815
UEVLD	0.18526391876292447	1.7028742751760386	3.439356802348201	0.5786559533490148
UFSP1	-0.3697684495235156	0.9868022786314793	1.2300140565942042	0.4115171231725787
UPK1A	-0.40185144149831853	-0.8189888752030405	0.891505241053018	0.5022017942165122
USH1G	-0.2112299235750171	-0.25812195998836307	0.79067262854144	0.5660879993061765
USP2	-0.16096869188597135	-0.4943823336386642	0.4805518834182476	0.5708495936466477
VAMP1	0.18413744074388827	0.5708489592165268	3.0560832474824315	0.42129862778839355
VAMP5	-0.22708601229801068	0.5868380950496636	3.7218778963056556	0.40171269104705076
VAV1	0.19405596604502334	-0.39917837063741346	0.4302741049388799	0.535315230918213
VAX2	-0.16547057197642753	-1.0714055201503023	0.29040404626365984	0.3868881812878101
VENTXP1	-0.1691442434216315	-0.8125604235538476	0.2504791221680089	0.5747229810602856
VPREB3	-0.3148349822655893	0.8757582038247294	0.45228425938977723	0.4362222937606749
VPS50	0.31415219395465316	-0.6328837873239733	2.7798978227079525	0.6483102998895462
VWA5A	-0.18379252345385563	0.18838741499804337	3.5367355391258672	0.5742185944273019
WBP1L	0.15519522428741472	1.1896491894383283	4.673488406271069	0.407723006006699
WBSCR27	-0.33544540764409764	-0.28707774484196535	2.5715307017232463	0.46485903288436425
WDR78	-0.16800630370124256	-0.1489656047235036	0.2757531107319485	0.4272550270278257
WDR88	-0.2627440683763235	-0.7688672561122438	0.9136574450752605	0.7931270155392528
WDR90	0.17247945991765387	0.6019543058072891	2.2988026476700623	0.36812022792162125
WFDC12	0.16030411508582704	1.6150571222642969	0.09246098384011407	0.44948098818741766
WFDC2	-0.29790849104588263	0.6306725146146601	0.24214243544016362	0.6861568958412434
WWC2-AS2	0.1974108055730901	1.9868996184351841	0.8368327305254615	0.3959877633044976
WWOX	-0.21148096880632294	-1.0816498189129056	3.8291336803683964	0.4325473718943481
XKR8	-0.16555263461167075	0.8414048242403516	0.35947074480039426	0.3713209052783988
XPNPEP3	0.16643545151509684	0.19078472633599117	3.4780217374780884	0.512336152049278
XRCC2	0.20142665019122766	0.6618687094187179	2.236589410321935	0.459604443064059
YPEL2	0.15949045571813725	1.5579211456535786	3.248127010783	0.44132134182171734
YWHAEP1	0.23428224401420603	-0.7261637092476652	0.4652199139497864	0.47289411941528237
ZBTB3	0.19856551564033992	0.597182419440391	1.921833277156944	0.4245923370167366
ZBTB49	0.22764987620412114	0.40505028004294774	1.4135506024949818	0.41243137841698685
ZCCHC18	-0.3870680323316902	-0.544538368916009	1.3311947931735235	0.4720336025393779
ZDHHC1	-0.15001525688718662	-0.07348505821354152	2.642592397180129	0.6242681666744737
ZFP2	0.2642245607062358	1.8670564109317112	1.032124679593511	0.646485808278765
ZFP36	-0.23094011119737837	0.6692791969076275	3.383775666228972	0.3943288056398787
ZFP92	-0.24293277366027033	-0.37718086152910785	1.1907289343001612	0.508231938240294
ZIK1	0.18495642613803123	-0.9654122912422513	1.2328854696060059	0.5105821587681832
ZKSCAN3	0.18127830870101425	0.8289360457540061	1.9587306755682834	0.4448060828321403
ZMYM5	-0.2667433763656601	-0.8076887839993114	2.653474876361011	0.620261483379066
ZMYM6NB	-0.19477268693442357	-0.27130033796951414	5.0168346368393575	0.6108233435235878
ZNF157	0.18941908186132317	0.840634775508936	0.5865827551181458	0.3534606598030019
ZNF19	-0.24668934957522495	-0.41942520554999513	1.1856436165914577	0.3818186717168943
ZNF197-AS1	0.5836945761779229	1.8290725146705733	0.4866370704086189	0.4633670142888341
ZNF200	0.15049255847364582	-2.0421794690805024	2.8117461850261045	0.5037216831138485
ZNF205-AS1	0.3051635233605586	1.041775373467552	0.7799320282368588	0.6243415461298335
ZNF213-AS1	0.2154773328637677	-0.1432925329255143	1.9078520050655927	0.42363249750320897
ZNF226	-0.25720570048652097	1.040217498385345	3.9506074717201387	0.38076816765221444
ZNF282	0.1633136811612228	0.28937054080943325	2.5869637756989605	0.5523236688698638
ZNF296	0.18698736920475714	0.24406449115981357	1.0088879455087336	0.350405431671199
ZNF329	-0.2305624534263332	-0.28317922374763915	1.9775492328822766	0.502716198721627
ZNF341-AS1	0.47194496370059785	0.8602240981769238	0.4596326137070556	0.4162177476008664
ZNF385A	-0.212873983517454	-0.40481078823102884	3.3220553588768325	0.5738701751007649
ZNF414	-0.208923791130253	0.7471728494945773	2.4556102647565985	0.3815045377791262
ZNF423	-0.17586547943707406	-0.35462172003015635	0.3104012864433241	0.5699802833908465
ZNF446	-0.19217641855970902	0.9637814505395185	1.631928072317574	0.5195094887051913
ZNF480	0.1510934593795215	1.4900306936759473	2.6995377068502626	0.4025027426603869
ZNF486	0.16748563167532804	0.35935151481346134	0.8096152838869063	0.5243336734400464
ZNF529-AS1	0.2013251882600365	-0.8953518249002255	2.5030015023252323	0.4481790144207842
ZNF560	0.16438118004371	1.7328781967872924	0.3944444803917369	0.6906076475972629
ZNF573	-0.1675045260516917	0.27523756976623576	1.4663026930763137	0.4485182824196633
ZNF593	-0.22525833473295145	0.793432048735925	5.27413810280565	0.3877265310334479
ZNF595	0.1881750112354459	-1.007131412754066	1.965862566074294	0.5104044606348374
ZNF660	0.23309423187141648	0.2455531858537245	1.2992613458173188	0.3659206192128691
ZNF670,ZNF670-ZNF695,ZNF695	0.21077010967819101	-0.712803511968082	3.121780576423372	0.3828902991084303
ZNF684	0.24969070715365108	0.14019016185442099	1.8737716757662455	0.39039002981038706
ZNF688	0.3862034907924706	1.8662719771901963	2.3474912305639255	0.5081999172589803
ZNF703	0.1613421027789796	2.017688466573114	4.493800175335151	0.4605575213878288
ZNF77	-0.2052559646472499	0.11738733371188596	1.4260051168277834	0.5764086625978878
ZNF774	-0.2897511285964469	-0.7593726830705013	0.6541965873291419	0.5618244730671702
ZNF784	0.155968510734712	1.275685985324623	1.4597993462791465	0.35380215996302644
ZNF793-AS1	0.36492924078187916	0.750462061083547	2.2179186854193795	0.4044504695592429
ZNF8	-0.16719923728874087	-0.6257850383313108	2.3479448597974546	0.35928480863284407
ZNF843	-0.1734199978063606	-0.11799746302834369	0.23214952353120347	0.43449825253212815
ZNF891	0.22120911055005638	-1.0356407246708927	1.6662085810553557	0.538764644983812
ZSCAN31	0.22690183984481457	0.8773236444879019	4.556273206784418	0.42776414652648154
ZSCAN9	0.19837721213082302	-1.698368413027089	3.7262355095362696	0.6048748239424773
ZXDB	0.16679177097710765	0.45064994859770413	2.9698286241968965	0.4754113164545567
